file	origin_path	origin_commit_or_location	sha256
git/b99365b/sclc_validation/primary_test_perturbation/tables/isp_plausibility_top_candidates.csv	sclc_validation/primary_test_perturbation/tables/isp_plausibility_top_candidates.csv	git b99365bd0a1d3fcf128256b962fab440033e739d (geneformer-lung-tcell)	5f271197973ec01a8b6956fde615dc8cae0dbeb1f110c6af9a147580e62fbb50
git/b99365b/sclc_validation/primary_test_perturbation/tables/ambient_risk_manifest.json	sclc_validation/primary_test_perturbation/tables/ambient_risk_manifest.json	git b99365bd0a1d3fcf128256b962fab440033e739d (geneformer-lung-tcell); redacted 2026-09-29 for publication (host paths and people's names replaced by roles; no numbers changed)	5de2754dc8fb119ad58fd3a12b90734a438255f5468c0fb3fdd0483e6e283d27
git/6882627/sclc_validation/perturbation_workflow/targeted_panel/results/targeted_panel_delete_overexpress_merged.csv	sclc_validation/perturbation_workflow/targeted_panel/results/targeted_panel_delete_overexpress_merged.csv	git 688262714a4efd6decbfaf4a2087a067195e7ac2 (geneformer-lung-tcell)	3a331a9d37629fd8461d90a1bbc449d9228fb0c088bc79f364edf4fa721d3fbd
git/9ec518c/sclc_validation/immune_axis_test/results/t6_weighting_reconciliation.csv	sclc_validation/immune_axis_test/results/t6_weighting_reconciliation.csv	git 9ec518c55087b723be3171decdb9d38289ad1f2c (geneformer-lung-tcell)	93d88077fb2e9b92115a356d94b155ae47e14e7bdbe9a36ee58457cf863552e5
git/9ec518c/sclc_validation/immune_axis_test/results/t6_donor_level_scores.csv	sclc_validation/immune_axis_test/results/t6_donor_level_scores.csv	git 9ec518c55087b723be3171decdb9d38289ad1f2c (geneformer-lung-tcell)	1994edf0ebf4bfc96877e74c983d60dded15a7873ed2894fdb47748d5c66b4c7
git/9ec518c/sclc_validation/immune_axis_test/results/t6_permutation_tests.csv	sclc_validation/immune_axis_test/results/t6_permutation_tests.csv	git 9ec518c55087b723be3171decdb9d38289ad1f2c (geneformer-lung-tcell)	3209017cf24b89f02b3ea77781033b137ac13ef55971c3143ea1e7c2819282a6
git/dd7366c/sclc_validation/perturbation_workflow/METHODS.md	sclc_validation/perturbation_workflow/METHODS.md	git dd7366c7714894f2e77d34d3be22c37516c65801 (geneformer-lung-tcell)	9c0b4554bff9130607acd561db00ae7c868c7cc879c5e5d4c85b8b1325c8a741
git/afa0564/sclc_validation/bf16_bench/RESULTS_BF16.md	sclc_validation/bf16_bench/RESULTS_BF16.md	git afa05640c51035314aba7fbee26aae1b172241ad (geneformer-lung-tcell); redacted 2026-09-29 for publication (host paths and people's names replaced by roles; no numbers changed)	bc4c20302737e0202eeab156940d3214cd6f4022108faeed0722f0163163295d
assets/confusion.png	geneformer-lung-tcell/talk/assets/confusion.png (untracked, gitignored); staged copy analysis-workspace/reports/lung_tcell_talk_imrad_assets_20260925/confusion.png	filesystem, staged 2026-09-25 13:06 JST by lung_tcell_talk_imrad_figures_20260925.py	e03feaea8f1e7d090e2db40d6b86de3d0bdaec47731ddd6374b08332ac7028a2
assets/screen_b.png	geneformer-lung-tcell/talk/assets/screen_b.png (untracked, gitignored); staged copy analysis-workspace/reports/lung_tcell_talk_imrad_assets_20260925/screen_b.png	filesystem, staged 2026-09-25 13:06 JST by lung_tcell_talk_imrad_figures_20260925.py	3984e9c85f2a80d5e35ead18ae1e848be805486c4fc370511849eccce1975d22
assets/detection_orig.png	geneformer-lung-tcell/talk/assets/detection.png (untracked, gitignored); staged copy analysis-workspace/reports/lung_tcell_talk_imrad_assets_20260925/detection.png	filesystem, staged 2026-09-25 13:06 JST by lung_tcell_talk_imrad_figures_20260925.py	14d21cbbd9325df738beb94a60e44a24dbcba0afd6da863d0d1cceaa8702bf84
assets/spatial.png	geneformer-lung-tcell/talk/assets/spatial.png (untracked, gitignored); staged copy analysis-workspace/reports/lung_tcell_talk_imrad_assets_20260925/spatial.png	filesystem, staged 2026-09-25 13:06 JST by lung_tcell_talk_imrad_figures_20260925.py	8516f56b99fd8677acd4818c63dd6ab084ab0dc16e504825dd040b6db69120a9
assets/network_c.png	geneformer-lung-tcell/talk/assets/network_c.png (untracked, gitignored); staged copy analysis-workspace/reports/lung_tcell_talk_imrad_assets_20260925/network_c.png	filesystem, staged 2026-09-25 13:06 JST by lung_tcell_talk_imrad_figures_20260925.py	e15d0177129415d53dada85803a04e1329236b22c2b576a41c05c075bde0eb82
assets/qr.png	regenerated 2026-09-30 (CoreImage CIQRCodeGenerator, level M, 8 px per module, #10243C on white); encodes https://github.com/Kays3/talks	replaces the 2026-09-25 copy, which pointed at the private project repository	1260157e5cab893af06747d37b5109b7cb737a948a823d101077fe2d04313f58
assets/fig_concordance.png	analysis-workspace/reports/lung_tcell_talk_assets_20260924/fig_concordance.png	filesystem (analysis workspace, not git); built 2026-09-24 by lung_tcell_talk_figures_20260924.py (src/reference/)	51cad1128f30f2d4e088a111eda1fa3a3299b9905d975cbc1acdaf4b8c5a190a
assets/fig_ambient_breakdown.png	analysis-workspace/reports/lung_tcell_talk_assets_20260924/fig_ambient_breakdown.png	filesystem (analysis workspace, not git); built 2026-09-24 by lung_tcell_talk_figures_20260924.py (src/reference/)	c40eb77c3708184c19552fb0f25e22e4c0287512db421a7c4b72e235ff5c6257
assets/fig_t6_reversal_orig.png	analysis-workspace/reports/lung_tcell_talk_assets_20260924/fig_t6_reversal.png	filesystem (analysis workspace, not git); built 2026-09-24 by lung_tcell_talk_figures_20260924.py (src/reference/)	0c8055cdc26f01929ff712209195ac3cd97b5c52a9e97583ce7340e6a8536a16
assets/fig_bf16_canary.png	analysis-workspace/reports/lung_tcell_talk_assets_20260924/fig_bf16_canary.png	filesystem (analysis workspace, not git); built 2026-09-24 by lung_tcell_talk_figures_20260924.py (src/reference/)	775f3f5079a5f42fa817139f5e2e48cc0f81a9459f66d2b26917a1d93a8bc5c4
git_facts.json	git log / rev-parse on geneformer-lung-tcell (see _note inside)	snapshot 2026-09-28	82a1222d3994a3840eee479e0689b8e8c98d3e32c2015d7014832a22d75b7fd4
git/53adee2/sclc_validation/perturbation_workflow/s100_isp/results_s100_luad_20260928/RESULT.md	sclc_validation/perturbation_workflow/s100_isp/results_s100_luad_20260928/RESULT.md	git 53adee29b83165903028042a4ffbce0e988c70dd (geneformer-lung-tcell; on main via PR #37 merge 4455914); redacted 2026-09-29 for publication (host paths and people's names replaced by roles; no numbers changed)	93dcf694f9738491663b64a6d6bd086c2307672c3bf46069447645deb046ebb2
git/53adee2/sclc_validation/perturbation_workflow/s100_isp/results_s100_luad_20260928/primary_results.json	sclc_validation/perturbation_workflow/s100_isp/results_s100_luad_20260928/primary_results.json	git 53adee29b83165903028042a4ffbce0e988c70dd (geneformer-lung-tcell; on main via PR #37 merge 4455914)	1934acbdf7274cc497c26fa7d8a602b2cb26d1817709837aa7fadc45cea44230
git/53adee2/sclc_validation/perturbation_workflow/s100_isp/analyse_s100_luad_20260928.py	sclc_validation/perturbation_workflow/s100_isp/analyse_s100_luad_20260928.py	git 53adee29b83165903028042a4ffbce0e988c70dd (geneformer-lung-tcell; on main via PR #37 merge 4455914); redacted 2026-09-29 for publication (host paths and people's names replaced by roles; no numbers changed)	a10f97c979228880083d2752468940c80b275807224e0da1d8733a1ffaa633e0
sources/poster_final.pdf	geneformer-lung-tcell/poster/poster_final.pdf (untracked, gitignored)	filesystem copy 2026-09-28 of the 24JSDP P25 final (2026-08-15 22:10 JST)	94638dba7d4683d20fdd55c83847d3b17fc57aa231341a8e48ee682b114fe52e
sources/JSDP_P25_talk.pdf	geneformer-lung-tcell/talk/JSDP_P25_talk.pdf (untracked, gitignored)	filesystem copy 2026-09-28 of the 24JSDP P25 final (2026-08-17 18:12 JST)	3f013a5d2da32abe0d9916781c4fbfaf7a1e51462b5abb3ffbf630c85f749369
git/eb533f8/sclc_validation/checkpoint_cart_perturbation/tables/cart_overexpression_vs_deletion.csv	sclc_validation/checkpoint_cart_perturbation/tables/cart_overexpression_vs_deletion.csv	git eb533f8bc1c3fbd7d1d5ce3e986eeb4f2caf2f7e (geneformer-lung-tcell; tables last changed at 37a0211)	3be81d6a32cfde1f861a00c0ca88454ed722ac16da1d66b7472998f8147c37d8
git/eb533f8/sclc_validation/checkpoint_cart_perturbation/tables/cart_engineering_perturbation.csv	sclc_validation/checkpoint_cart_perturbation/tables/cart_engineering_perturbation.csv	git eb533f8bc1c3fbd7d1d5ce3e986eeb4f2caf2f7e (geneformer-lung-tcell; tables last changed at 37a0211)	1d292e4259991562131c86a0f333eeeca0b484fd04278fcd03d9974fc7095dde
git/eb533f8/sclc_validation/checkpoint_cart_perturbation/scripts/make_detection_figure.py	sclc_validation/checkpoint_cart_perturbation/scripts/make_detection_figure.py	git eb533f8bc1c3fbd7d1d5ce3e986eeb4f2caf2f7e (geneformer-lung-tcell; tables last changed at 37a0211)	9cc5ce5e19bc979817c115db92e6a25ae017d22aeb80c69ded663ca8a13e1899
git/9ec518c/sclc_validation/immune_axis_test/RESULTS_T6.md	sclc_validation/immune_axis_test/RESULTS_T6.md	git 9ec518c55087b723be3171decdb9d38289ad1f2c (geneformer-lung-tcell)	9369894c318d5b438492d85e00630f2e359f8fdb2f5aa5d2f0eeadd5b5142901
assets/detection.png	generated 2026-09-28 by src/make_readable_figures.py (sha256 fac09168150f; regenerated by ./build.sh office)	readable redraw; inputs sha256[:12] 3be81d6a32cf,1d292e425999; original kept as assets/detection_orig.png	ea7c296d4f1bf60d2e79ea423f32a06e80475ee2a43740990650db20e911fb8d
assets/detection_rank.png	generated 2026-09-28 by src/make_readable_figures.py (sha256 fac09168150f; regenerated by ./build.sh office)	readable redraw of panel b of detection_orig.png; inputs sha256[:12] 3be81d6a32cf,1d292e425999	d6fea712d234da826ff28842f0eed6851e5e1d46a487d21cfb12a3421a167be7
assets/detection_rank_report.png	generated 2026-09-28 by src/make_readable_figures.py (sha256 fac09168150f; regenerated by ./build.sh office)	readable redraw of panel b of detection_orig.png; inputs sha256[:12] 3be81d6a32cf,1d292e425999	11d8237f5aa2044058b9a926a2c191c8dc8bd1cbbf36a1ad989dd300da425985
assets/fig_t6_reversal.png	generated 2026-09-28 by src/make_readable_figures.py (sha256 fac09168150f; regenerated by ./build.sh office)	readable redraw; inputs sha256[:12] 93d88077fb2e,1994edf0ebf4; original kept as assets/fig_t6_reversal_orig.png	361d7bcfe98b07808f183807e77838323dd82ef258dac2aa0a42e32b1c23d4ac
