ko	status	ko_lfc_Donor_1	ko_lfc_Donor_2	ko_lfc_Donor_3	n_resp	n_targets	out_degree	alpha	rho_resp	sign_resp	sign_ci_low	sign_ci_high	rho_all	rho_resp_step1	sign_resp_step1	rho_shuf_median	delta_shuf	p_shuf	n_random_tf	rho_random_median	p_random_tf	rho_baseline	sign_baseline	S1_unfiltered_rho	S2_controls_only_rho	S4_n_resp_lfc1	S4_rho_lfc1	S5_rho_Donor_1	S5_rho_Donor_2	S5_rho_Donor_3
AIRE	NOT_REPRESENTABLE																													
AKAP8	NOT_REPRESENTABLE	-0.4968349793498561	-0.8258123532106341	-0.8698348359596828																										
ARID5A	SCORED	0.019379000727996143	0.26487001398445553	0.553851260790359	51.0	8590.0	272.0	100.0	-0.1697737556561086	0.47058823529411764	0.3293001487859226	0.6154127369372966	-0.008035781005046348	0.0	0.0	-0.021605647311811436	-0.14816810834429717	0.8431372549019608	66.0	0.009457013574660634	0.8059701492537313	-0.02361990950226244	0.47058823529411764	-0.05803144224196856	0.05095022624434389	1.0		-0.1364705882352941	0.04262443438914027	-0.10461538461538461
ATMIN	NOT_REPRESENTABLE	-0.31720777535175415	0.030341316880771352	-0.19034414564970792																										
BACH2	SCORED	0.05489562397749914	-0.18032083278398225	-0.38288329356957895	87.0	8590.0	1240.0	100.0	0.03029087993001385	0.5287356321839081	0.41872252311729413	0.6367368273329	0.22952058519126461	0.006631799106656879	0.08045977011494253	0.15754056694009527	-0.12724968701008144	0.7843137254901961	67.0	0.04281183932346723	0.5294117647058824	0.2555405700955019	0.7241379310344828	0.011891366178308296	0.05608004665743238	3.0	1.0	-0.06894729168185464	0.006615878107457897	0.19273529197346354
BCL11B	SCORED	-0.14108723768807252	-0.12827326628891278	-0.0841756342769795	299.0	8590.0	674.0	100.0	-0.08297142600615026	0.431438127090301	0.3745539654122921	0.4896945115835144	-0.09101275009090197	0.03069328779980839	0.046822742474916385	0.02154257980945668	-0.10451400581560694	0.9803921568627451	64.0	-0.015059145698188593	0.7846153846153846	0.12891203339992366	0.5953177257525084	-0.04239670147587951	0.004770263293753227	38.0	-0.22792428055585948	-0.09708424053332136	-0.09373257614868354	-0.07801889968799802
BPTF	SCORED	-0.7759588051474591	-0.8999285307690066	-0.7199700090267616	366.0	8590.0	203.0	100.0	0.1644742453882543	0.587431693989071	0.5350916801042062	0.6383456394076039	0.21087666295149102	-0.0323742821917395	0.00819672131147541	0.12731890267612125	0.037155342712133055	0.2549019607843137	66.0	-0.00019213694836350107	0.07462686567164178	0.38995368520502666	0.7076502732240437	0.21399647654346846	0.1663691807439616	27.0	0.15506715506715504	0.19010874094615818	0.2158477492135541	0.12999557595497876
CLOCK	SCORED	-0.5291711990677461	-0.9849350422909202	-0.6498537560491711	127.0	8590.0	2737.0	100.0	0.10017107236595424	0.4409448818897638	0.3529662802214588	0.5317408456586183	0.031372630911337775	0.12491016248203561	0.16535433070866143	0.059817000974896825	0.040354071391057414	0.43137254901960786	65.0	0.01940968316460442	0.4090909090909091	0.25435297150356206	0.5275590551181102	0.12237521946898208	-0.008178665166854143	4.0	0.7999999999999999	0.0949334458192726	-0.05426860704911885	0.0007967754030746157
DR1	NOT_REPRESENTABLE	-0.18894139722016945	-0.4043665093049533	-0.37174254906472903																										
EGR3	SCORED	-1.1682754611364041	-0.469907483527801	-0.2600217539171221	56.0	8590.0	3460.0	100.0	0.034859876965140126	0.5535714285714286	0.4147166627524547	0.6865639167184171	0.09961857761174625	-0.1622089969055882	0.19642857142857142	0.04123792125757081	-0.006378044292430683	0.5098039215686274	65.0	-0.037457279562542724	0.4393939393939394	-0.12310321257689678	0.48214285714285715	0.09326923076923074	0.07368421052631578	2.0		0.0020505809979494195	-0.07177033492822968	0.05167464114832536
ELK4	SCORED	-0.8065794384090363	-0.9160661184280396	-0.710359745890023	51.0	8591.0	4155.0	100.0	-0.24796380090497738	0.43137254901960786	0.29345487384059454	0.57754677419291	-0.09442913355341624	-0.04736317334630044	0.2549019607843137	-0.11955147273399905	-0.12841232817097833	0.8431372549019608	66.0	-0.007737556561085973	0.8656716417910447	-0.22968325791855201	0.49019607843137253	-0.19620171117448795	-0.18823529411764706	0.0		-0.045339366515837094	-0.17746606334841628	-0.18018099547511313
EPAS1	SCORED	-1.6157486374244585	-1.935597793006195	-1.896806805374939	43.0	8590.0	864.0	100.0	0.09649652672908486	0.4883720930232558	0.3330513538648937	0.6453532269489863	-0.0541751099584493	0.17305514182947718	0.09302325581395349	-0.13005510774007717	0.22655163446916204	0.0784313725490196	67.0	-0.03412866203563878	0.3088235294117647	-0.19389912413168225	0.5116279069767442	0.025204081632653058	-0.3456659619450317	1.0		-0.12201751736635458	0.10570824524312894	0.06614315916641499
FOXP3	NOT_REPRESENTABLE																													
GFI1	SCORED	-0.021132879940792826	-0.10138357816745103	-0.30104928172610546	110.0	8590.0	421.0	100.0	0.17815296530892863	0.5818181818181818	0.48394585381443006	0.6751724100219937	-0.0022745338511457576	0.12315539294192446	0.07272727272727272	0.08205376109224594	0.0960992042166827	0.17647058823529413	64.0	-0.010567364695805062	0.13846153846153847	0.3086761490431215	0.6181818181818182	0.23219352930220327	0.10734621193336791	3.0	-0.5	0.16247323219800283	0.1133331830579537	0.12716452899939137
HIVEP3	SCORED	0.33389105802810537	0.5416680930776874	0.6919040492600299	353.0	8590.0	760.0	100.0	-0.03762980309650498	0.45609065155807366	0.40327645327670275	0.5096474680153165	-0.007031835896187056	0.008628758431483651	0.028328611898016998	-0.10901220113647268	0.07138239803996771	0.3137254901960784	64.0	0.007873848195305918	0.5538461538461539	-0.4129961872045466	0.22662889518413598	-0.05515878700136792	-0.24725771179893236	17.0	-0.04656862745098039	-0.02346549714749648	-0.011209498596664294	0.005553051764099923
IKZF1	SCORED	-0.006072730438944518	0.22900893547018875	0.19919298067660485	207.0	8590.0	358.0	100.0	0.08561710556223008	0.5507246376811594	0.4802363230281834	0.6197392066717812	-0.012019393533908497	0.015102060728530485	0.033816425120772944	-0.055637798837126565	0.14125490439935665	0.09803921568627451	64.0	-0.015824728599105973	0.16923076923076924	-0.24697210767282526	0.40096618357487923	0.044797218468966275	0.005833901570499292	18.0	0.08359133126934985	0.16527719150133674	0.009624855234817245	0.021459070688703445
IRF3	SCORED	-0.8850215554488976	-0.4736809964354771	-0.14158089933263973	57.0	8590.0	1982.0	100.0	-0.029491833030853	0.543859649122807	0.406559746004528	0.6764458236275752	-0.0011073245491459095	-0.047790101150344634	0.15789473684210525	-0.026768052126775306	-0.002723780904077693	0.5098039215686274	65.0	0.001166709878143635	0.5606060606060606	6.481721545242417e-05	0.5263157894736842	-0.024199843871975022	0.0008426238008815142	3.0	-0.5	0.12717137671765621	-0.07473424941664505	-0.06695618356235417
IRF7	SCORED	-1.2432423137438429	-0.9667934801633424	-0.8401779527061555	50.0	8590.0	612.0	100.0	0.19932773109243698	0.62	0.47174916305285525	0.7534989222001401	-0.06629378943328146	0.0535982518301867	0.02	0.12532453240501296	0.07400319868742403	0.3137254901960784	64.0	0.031788715486194476	0.26153846153846155	0.2318847539015606	0.6	0.19098437633398785	-0.18914765906362543	2.0		0.2634813925570228	0.12134453781512604	0.1696518607442977
IRF8	NOT_REPRESENTABLE																													
IRF9	SCORED	-0.6765052045072331	-1.0666611441056255	-0.968457041347583	50.0	8590.0	1150.0	100.0	0.08350540216086433	0.4	0.26407839509457376	0.5482059715208196	-0.035302552554450715	0.1518968608953436	0.1	0.043402048871504444	0.040103353289359885	0.35294117647058826	67.0	-0.0480672268907563	0.27941176470588236	-0.00024009603841536613	0.5	0.12310321257689678	0.07812725090036014	5.0	0.3	-0.03385354141656663	0.08158463385354141	0.042593037214885957
KLF9	SCORED	-0.8015828553510191	-0.611084667742233	-1.2979291813448883	65.0	8590.0	3890.0	100.0	0.20157342657342658	0.5846153846153846	0.4556446860075698	0.7056180017502695	0.30772756918019156	-0.012087121485727527	0.27692307692307694	0.09866381441821287	0.10290961215521371	0.19607843137254902	65.0	0.015865384615384615	0.16666666666666666	0.37447552447552446	0.7076923076923077	0.21081270230076107	0.03824300699300699	0.0		0.2853146853146853	0.1423951048951049	0.19781468531468532
LCOR	NOT_REPRESENTABLE	0.19942026649443534	-0.09910044059052758	-0.10484297821667976																										
MYSM1	NOT_REPRESENTABLE	-0.18405224279194243	-0.38169656363393134	-0.5722413260758019																										
NFAT5	SCORED	-0.3173184774894455	-0.11354038017508117	-0.6378057232527894	72.0	8590.0	304.0	100.0	0.32728792848414695	0.5972222222222222	0.47497988455265755	0.7112079862392012	0.15617207833135724	0.08699528205117582	0.027777777777777776	0.005084979106462549	0.3222029493776844	0.0196078431372549	66.0	-0.05553411794970739	0.07462686567164178	-0.23969387098848804	0.3611111111111111	0.24555103884372176	0.03209209595472378	2.0		0.24564280661135768	0.24287735545694258	0.297575406778571
NFE2L2	SCORED	0.09276849083653183	-0.32893639384217455	-0.43844192886051037	70.0	8590.0	1699.0	100.0	0.33255183273554373	0.6571428571428571	0.5340040349629338	0.7665184652917468	0.10887776493002345	-0.08462437594796304	0.08571428571428572	0.057690006401312194	0.2748618263342315	0.0196078431372549	65.0	0.00488146268917855	0.12121212121212122	0.16892660309684193	0.6	0.30553128470936686	0.06625842008573178	2.0		0.27250459277403555	0.2803079345639051	0.36792931502055815
NFE2L3	NOT_REPRESENTABLE	-1.2881135187899204	-1.1216279122230857	-1.2985531744098306																										
NFKB1	SCORED	-1.4408608437768988	-1.1033788496736427	-1.6685410380606935	103.0	8590.0	3127.0	100.0	0.009961340772305935	0.5145631067961165	0.4140191326930021	0.6142480306954047	-0.03499925280430149	0.0196644506610754	0.2524271844660194	-0.022699108750051517	0.03266044952235745	0.27450980392156865	65.0	-0.0053925229539164435	0.4696969696969697	-0.07872424548609587	0.46601941747572817	-0.033443675560582885	-0.0020647542063875588	5.0	0.0	0.05209111277072443	-0.00990642709660414	0.029071299916531214
NFKB2	SCORED	-1.0872049274708706	-0.8963136143039638	-1.2613197526854585	371.0	8590.0	927.0	100.0	-0.10547566956574869	0.4743935309973046	0.42261599700620617	0.5265828296973968	-0.07410313769932379	-0.01992707902159976	0.06199460916442048	-0.12489265011849915	0.019416980552750457	0.47058823529411764	67.0	-0.0642155676239669	0.6029411764705882	0.06018607077645423	0.5390835579514824	-0.11323439521497008	0.01093747429718215	49.0	-0.03826530612244898	-0.09759856369716384	-0.08445493576351763	-0.07506256800231237
POU2F1	SCORED	0.09465379681137787	0.07353318907064388	-0.018421510170602673	38.0	8590.0	1079.0	100.0	0.1966298282087756	0.5789473684210527	0.4082144541199052	0.7369017627485133	0.14138381693536312	-0.22683271511928715	0.02631578947368421	-0.02739731091382961	0.2240271391226052	0.09803921568627451	67.0	0.03862567020461757	0.27941176470588236	0.11281321807637597	0.47368421052631576	0.1647354347297626	0.03796914323230113	0.0		0.07035780719991247	0.1307582886530255	0.28526096947149576
RBCK1	NOT_REPRESENTABLE	-0.24726717860748515	-0.3361517623677557	-0.22721829278531303																										
REL	SCORED	-1.1159321082587121	-0.87382731477802	-0.6068008495689696	53.0	8590.0	2505.0	100.0	0.08635703918722787	0.5471698113207547	0.40449829172671853	0.6843847161359013	-0.1540312920201381	0.04146811896806113	0.1509433962264151	0.06459707223071423	0.021759966956513638	0.43137254901960786	65.0	0.012901144976616674	0.30303030303030304	0.06579583938074504	0.4339622641509434	0.06609706083390295	-0.06240928882438316	2.0		-0.045799064666989193	0.04854055797452024	0.10845024995968391
RELB	SCORED	-0.20525159449697483	-2.0060638263939525	-1.4220424933208786	397.0	8590.0	326.0	100.0	-0.16868845410166627	0.4005037783375315	0.35194406171525916	0.45055831116560485	-0.18484065149495962	-0.05810101265195129	0.015113350125944584	-0.21623156455368114	0.04754311045201487	0.43137254901960786	64.0	0.058531053097715134	0.6923076923076923	-0.7222562319267508	0.08564231738035265	-0.15563412649945946	-0.058929292673580866	42.0	-0.07608783729033304	-0.21825293170685117	-0.13583661379947598	-0.1614808260062238
RFX5	SCORED	0.4174772872116712	0.25991607383823645	0.3013077118233536	71.0	8590.0	2858.0	100.0	0.24362843729040912	0.5774647887323944	0.45438261501558264	0.6938775781118008	0.0049925034460256	0.17316926450718637	0.29577464788732394	0.21122020276336573	0.03240823452704339	0.35294117647058826	65.0	-0.02468142186452045	0.06060606060606061	0.22095908786049626	0.5774647887323944	0.27362111572637887	0.002515090543259557	16.0	0.4294117647058823	0.2282360831656606	0.3165660630449363	0.2272635814889336
RORC	SCORED	-2.4724794327117188	-1.745229327573818	-1.040290208927975	79.0	8590.0	784.0	100.0	0.3872930866601753	0.6708860759493671	0.5560061048348176	0.7725190570054165	0.3363868005001981	0.07752791643022666	0.06329113924050633	0.26853191856654474	0.11876116809363058	0.1568627450980392	64.0	0.002190847127555989	0.03076923076923077	0.5260223953261929	0.7848101265822784	0.26349899616075523	0.20613437195715675	8.0	-0.5952380952380953	0.39900194741966893	0.2865141187925998	0.34622687439143135
SETDB1	SCORED	-0.7942334541855294	-1.4187296054812775	-0.9108517418119284	177.0	8590.0	6820.0	100.0	-0.03306080227142882	0.4463276836158192	0.37172373440541095	0.5227595724983911	0.0168447083639035	0.061094423943471005	0.3389830508474576	-0.13365148088722495	0.10059067861579613	0.0784313725490196	66.0	-0.005034755284707676	0.5373134328358209	-0.07051254306539015	0.4463276836158192	0.007296601013878501	-0.07266581257249702	20.0	-0.23609022556390977	-0.06577751423971193	-0.10737997957099081	-0.00840748948252281
SON	NOT_REPRESENTABLE	-0.2623201144646128	-0.22798087382825827	-0.36099421656603425																										
SP110	NOT_REPRESENTABLE	-0.4866860851767676	-0.33789738660791	-0.44097922791511834																										
SREBF1	SCORED	-0.26113156028090945	-1.6932497647898939	-0.8864748851199717	40.0	8590.0	3123.0	100.0	-0.17767354596622892	0.4	0.2486499865877438	0.5667329478067056	-0.009295518654799521	-0.19753624864307998	0.125	-0.09869763292806856	-0.07897591303816036	0.7647058823529411	65.0	-0.00150093808630394	0.7121212121212122	0.00075046904315197	0.5	-0.18710801393728224	-0.03864915572232646	3.0	1.0	-0.12814258911819887	-0.149906191369606	-0.14015009380863042
STAT1	SCORED	-2.67005168425262	-2.354136301467774	-2.56234409654217	166.0	8590.0	4932.0	100.0	0.0563398941438044	0.5301204819277109	0.4512398325109089	0.6079064875702029	-0.02126967056876131	0.08215764256104534	0.3253012048192771	-0.011374638803212126	0.06771453294701653	0.09803921568627451	66.0	-0.018006047051570464	0.43283582089552236	0.09373454624158037	0.5963855421686747	0.07245650502576952	0.06537243147877303	5.0	-0.7	0.08408025132648177	0.023701556361537608	0.07846082205796513
STAT2	SCORED	-0.9244347236428165	-1.558135490677424	-1.5109129182273087	45.0	8590.0	3868.0	100.0	0.39591567852437415	0.6444444444444445	0.4878010051481243	0.7813159892644143	0.3445097069070801	0.23007279553620433	0.3333333333333333	0.36521864229515943	0.030697036229214714	0.35294117647058826	65.0	-0.042028985507246375	0.06060606060606061	0.5835309617918313	0.7111111111111111	0.453342440023905	0.05559947299077734	2.0		0.34808959156785235	0.5562582345191041	0.3006587615283267
STAT3	SCORED	-2.055964772900089	-1.5633429211365915	-2.024400738381515	122.0	8590.0	4301.0	100.0	-0.01847525452628866	0.4918032786885246	0.40016735910753864	0.5838463658755118	-0.009843227410555632	0.1505590263471854	0.319672131147541	0.035491870038963445	-0.0539671245652521	0.8431372549019608	66.0	-0.02554680607096005	0.4626865671641791	0.15788395385647394	0.5983606557377049	-0.04615714899098325	0.06966139164169043	7.0	0.07142857142857144	0.051017609485131565	-0.022255560585683083	-0.0952313289560209
TBX21	SCORED	-1.8907646419002084	-1.5419762955429812	-1.691512735902335	101.0	8590.0	1273.0	100.0	0.11986022131624928	0.5643564356435643	0.4620473474227414	0.6627911616937825	-0.10491253956340711	0.15817970979352844	0.0891089108910891	0.002033250842473845	0.11782697047377544	0.1568627450980392	67.0	-0.019114735002912053	0.029411764705882353	0.07346534653465346	0.5247524752475248	0.16825803446669774	0.07850902737332556	8.0	0.09523809523809526	0.051904484566103665	0.18167734420500872	0.08719860221316249
TCF3	SCORED	-1.766749573113767	-1.9154980468311038	-1.7941552873427327	40.0	8590.0	1492.0	100.0	-0.22645403377110698	0.425	0.270429031268837	0.5910994195730367	0.03522496227644057	-0.0129847899654987	0.075	-0.074309706628266	-0.15214432714284098	0.9215686274509803	67.0	-0.037335834896810506	0.8823529411764706	-0.042026266416510326	0.5	-0.13002114164904863	-0.21200750469043156	0.0		-0.22926829268292684	0.0551594746716698	-0.3352720450281426
TET2	NOT_REPRESENTABLE	-0.025062784015337236	-0.1066633788416036	0.13459253927803605																										
TP53	SCORED	-1.344031640569038	-1.1239900662660967	-1.857739144815568	86.0	8590.0	1161.0	100.0	-0.32098683900183966	0.3372093023255814	0.23876365573357874	0.44722717913019666	-0.12189289088632592	0.07703224496771331	0.1511627906976744	-0.17755244139904078	-0.14343439760279889	0.9019607843137255	67.0	-0.04882305769140054	0.8382352941176471	-0.26877682909571204	0.38372093023255816	-0.21222882038733545	-0.10739185810651446	9.0	-0.09999999999999999	-0.34100665125713475	-0.19539600924571915	-0.35283739799047126
TTF1	NOT_REPRESENTABLE	-0.9633500330287283	-0.8206294856191061	-0.9961934273878228																										
YBX1	SCORED	-1.4820359120290831	-1.2809651404619675	-1.3808854724553203	325.0	8590.0	285.0	100.0	-0.25760089490150845	0.3569230769230769	0.3048134131560138	0.4116674528785232	-0.21643534970559125	-0.06486584454991597	0.012307692307692308	0.0003449751822660941	-0.25794587008377456	0.9607843137254902	66.0	-0.018425707444112354	0.9701492537313433	-0.0722975547515425	0.4430769230769231	-0.26057899417053654	-0.19849020327547934	19.0	-0.4122807017543859	-0.31910300106619127	-0.2731788229947739	-0.1356328107248353
YBX3	NOT_REPRESENTABLE	-0.5885916877874449	-0.13764667091420435	-0.3212267230050223																										
ZBTB14	SCORED	0.22158135576097315	0.30044869672629293	0.47418601505540625	62.0	8590.0	6592.0	100.0	-0.08871597290423308	0.43548387096774194	0.30991206226817103	0.5674260356358476	-0.14255965062518966	-0.043588713679829034	0.41935483870967744	-0.07324282619297617	-0.015473146711256908	0.6078431372549019	66.0	0.0072523985797386115	0.746268656716418	-0.01604089546976908	0.45161290322580644	-0.05926251097453908	-0.12120067487597895	3.0	-0.5	-0.1609881393064894	-0.03603535544307623	-0.11243735992546147
ZBTB24	NOT_REPRESENTABLE	-0.9905288068309996	-0.47633640203544836	-0.8151474144127571																										
ZFP3	NOT_REPRESENTABLE																													
ZKSCAN1	SCORED	-0.8541609388775457	-1.0187764324916806	-1.1935803694223424	50.0	8590.0	349.0	100.0	-0.020024009603841535	0.52	0.3741519450787635	0.6633949083965401	0.07161699868822846	-0.21358463656416363	0.0	-0.10987448908069225	0.08985047947685071	0.29411764705882354	64.0	-0.034861944777911165	0.47692307692307695	-0.1022328931572629	0.46	0.011701924909472076	0.04614645858343337	0.0		0.085906362545018	-0.08561824729891956	0.1431452581032413
ZNF319	NOT_REPRESENTABLE	1.0226622166594517	0.8289417795976357	0.8696539548158375																										
ZNF329	SCORED	0.03194416978906389	0.7977830160155217	0.03433584233333864	47.0	8590.0	91.0	100.0	0.3738436632747456	0.6382978723404256	0.4851978461016826	0.7732857317012138	0.15983559533423947	0.0	0.0	-0.04188361223816685	0.41572727551291244	0.0196078431372549	66.0	0.02809898242368178	0.029850746268656716	0.028561517113783533	0.5319148936170213	0.363265306122449	0.11563367252543942	0.0		0.3674838112858464	0.2942876965772433	0.33371877890841817
ZNF331	SCORED	-0.022427860618888573	-0.23642002234642856	-0.2096505868376033	59.0	8590.0	474.0	100.0	-0.4551724137931035	0.3559322033898305	0.2355446650185307	0.49131585970166125	-0.14723507804761704	0.02577105134827065	0.05084745762711865	-0.042284463042722556	-0.412887950750381	0.9607843137254902	64.0	0.03147282291057862	0.9076923076923077	0.08427819988310932	0.576271186440678	-0.44926075268817206	-0.24687317358270025	3.0	-1.0	-0.31940385739333726	-0.42635885447106964	-0.5444184687317358
ZNF341	NOT_REPRESENTABLE																													
ZNF575	NOT_REPRESENTABLE	-0.3546933873061162	-0.346488455891957	0.278721186597533																										
ZNF655	NOT_REPRESENTABLE	0.07106101533805642	0.356275122420163	0.20384965184330373																										
ZNF708	SCORED	0.15405757284298005	0.2595320997961945	0.18516746203686907	57.0	8590.0	262.0	100.0	-0.2758620689655173	0.3508771929824561	0.22914559716823718	0.48868661750693704	-0.06558693474710392	-0.016581636602876922	0.017543859649122806	-0.1685481427017727	-0.10731392626374459	0.6862745098039216	66.0	-0.023690692247861033	0.7910447761194029	-0.30068706248379573	0.42105263157894735	-0.3201480698043363	0.20858179932590096	2.0		-0.2277028778843661	-0.28448275862068967	-0.3310863365309827
ZNF791	NOT_REPRESENTABLE	-0.42080757466619456	-0.06380152994319221	-0.011264239208500726																										
