ko	status	ko_lfc_r1	ko_lfc_r2	n_resp	n_targets	out_degree	alpha	rho_resp	sign_resp	sign_ci_low	sign_ci_high	rho_all	rho_resp_step1	sign_resp_step1	rho_shuf_median	delta_shuf	p_shuf	n_random_tf	rho_random_median	p_random_tf	rho_baseline	sign_baseline	S1_unfiltered_rho	S2_controls_only_rho	S4_n_resp_lfc1	S4_rho_lfc1	S5_rho_r1	S5_rho_r2	ko_lfc_r3	ko_lfc_r4	S5_rho_r3	S5_rho_r4	kd_mean_lfc	status_no_gate	batch
ARID3A	INEFFECTIVE_KD	0.1377576991866078	0.1769306782841244	891.0	11493.0	817.0	100.0	0.0557465200354535	0.5656565656565656	0.5323768698657415	0.5985007470324981	0.0519399942070061	-0.100987824850809	0.0213243546576879	-0.2027293735674501	0.2584758936029036	0.0784313725490196	99.0	0.0205557702474255	0.45	-0.1874563991447723	0.4478114478114478	-0.2161199848259944	-0.0999165166550903	121.0	0.046660344126812	0.0980210063044666	0.0326345538764571					0.15734418873536615	SCORED	E
ATF3	SCORED	-1.6948224699309655	-1.7389961933557263	1696.0	11493.0	9857.0	100.0	-0.0778938219355474	0.472877358490566	0.4488859455934481	0.4969627775838328	-0.1061976206058877	-0.0470468143129411	0.414504716981132	-0.020265980838836	-0.0576278410967113	0.8627450980392157	98.0	0.0042766980382772	0.5353535353535354	-0.2973650256974816	0.3036556603773584	-0.0753966617499756	0.0085103159668564	268.0	-0.0106867192794226	-0.0723735377716811	-0.0691832628919259					-1.716909331643346	SCORED	E
BACH1	SCORED	-1.0773441861793245	-1.317657766632541	702.0	11493.0	1910.0	100.0	0.1962233621517351	0.6353276353276354	0.5984990871678092	0.6710133574966555	0.1524620933163427	0.0065397968186748	0.0797720797720797	0.1828949357452604	0.0133284264064746	0.4901960784313725	98.0	0.0649626102738198	0.3333333333333333	0.0122580318540976	0.4700854700854701	0.2118671387056907	0.0743305116756577	95.0	0.2211646136618141	0.1893589885641008	0.2304116238054628					-1.1975009764059328	SCORED	E
CITED2	NOT_REPRESENTABLE	-0.5871221663885215	-0.5031127306225418																														-0.5451174485055317	NOT_REPRESENTABLE	E
CTBP1	NOT_REPRESENTABLE	-0.1800010009622159	-0.3353675489031698																														-0.25768427493269286	NOT_REPRESENTABLE	E
DLX1	SCORED	-1.3668687913042872	-1.3762255971712412	1095.0	11493.0	124.0	100.0	0.3126370635331348	0.6465753424657534	0.6174406467511139	0.6749197901324314	0.0091144078660277	0.0854759986917175	0.0155251141552511	0.1293022970594373	0.1833347664736974	0.2941176470588235	97.0	0.0	0.1326530612244898	0.6111483367202585	0.8255707762557077	0.3031725339038618	0.0511088196481997	194.0	0.3201152140952364	0.2746780590436297	0.3050561277179073					-1.3715471942377642	SCORED	E
DPF2	NOT_REPRESENTABLE	-0.8405708162738108	-0.7405448005217519																														-0.7905578083977813	NOT_REPRESENTABLE	E
ERF	SCORED	-1.081478751302539	-0.940064561058172	3918.0	11493.0	4868.0	100.0	0.4584768613735814	0.7753956100051046	0.7619978706556316	0.7883813748126837	0.4630007858650912	0.3093767013948621	0.3144461459928535	0.4889184118107248	-0.0304415504371433	0.7647058823529411	98.0	0.0191896203711211	0.1818181818181818	0.5853211615988176	0.8261868300153139	0.4359248495015392	0.0695765550783873	904.0	0.346621254499214	0.502145991249819	0.4219408661201832					-1.0107716561803555	SCORED	E
FOXK2	INEFFECTIVE_KD	-0.4677639991492146	-0.498557441297379	1342.0	11493.0	4979.0	100.0	-0.0050508919109299	0.5849478390461997	0.5580508252464705	0.611472019130972	0.3009357242549325	0.0638321669137845	0.2540983606557377	0.0732293757690375	-0.0782802676799675	0.7647058823529411	98.0	0.0659945687129914	0.5757575757575758	0.3589800395685477	0.7235469448584203	0.0120504705008295	-0.0037370543272017	228.0	-0.2581906837964233	-0.0053401509741967	0.0159538889910683					-0.4831607202232968	SCORED	E
FOXM1	INEFFECTIVE_KD	-0.3329855493400551	-0.2465903794272321	3063.0	11493.0	719.0	100.0	-0.1073652992799325	0.4381325497877897	0.4204645870284811	0.4559188114923485	-0.0734525840262999	0.0311109274302505	0.0368919360104472	0.1166129665795072	-0.2239782658594397	0.8235294117647058	99.0	0.0287631171867991	0.62	0.5440186935763125	0.8233757753836108	-0.1248470654231533	0.2412245652310846	458.0	-0.107744616834882	-0.1006515492908019	-0.1146047893612612					-0.2897879643836436	SCORED	E
GATA1	SCORED	-0.8047384063154492	-1.3688433123645094	3717.0	11493.0	4289.0	100.0	0.3289093429449871	0.6376109765940274	0.6219198737808848	0.6530853928729157	0.2210283848873416	0.2020979010417515	0.2577347323110035	0.3295763933814447	-0.0006670504364575	0.5294117647058824	98.0	-0.0113379172467495	0.2929292929292929	0.0689258314440233	0.4861447403820285	0.3133557141699693	-0.1529364079076868	1088.0	0.3729245109890954	0.2050057324385096	0.4443301615766997					-1.0867908593399793	SCORED	C
GATA2	INEFFECTIVE_KD	-0.3757826320429842	-0.3201100763692626	912.0	11493.0	5046.0	100.0	0.2092802799599597	0.6348684210526315	0.6026767759869684	0.6661856850666409	0.2874646143098249	0.2191216640873914	0.3223684210526316	0.2522779291571427	-0.0429976491971829	0.7843137254901961	98.0	0.050397027687639	0.3434343434343434	0.3804930698165431	0.7050438596491229	0.1668495620592387	-0.0636649086379604	142.0	0.0299691318570551	0.2594416916251528	0.1626453917601199					-0.3479463542061234	SCORED	E
HDAC8	NOT_REPRESENTABLE	-1.244899052050223	-1.7772030174823925																														-1.5110510347663078	NOT_REPRESENTABLE	C
HINFP	INEFFECTIVE_KD	-0.4692245975103599	-0.455204257516435	2091.0	11493.0	2756.0	100.0	-0.5794306609794831	0.1889048302247728	0.1723333016485196	0.2063531321725305	-0.5006659284766939	-0.104245473306203	0.0736489717838354	-0.4216663746449174	-0.1577642863345656	1.0	98.0	-0.1454949716538832	0.9292929292929292	-0.7260112006803682	0.1291248206599713	-0.5510966591942498	0.1702546166058113	653.0	-0.3161689027035427	-0.5970234832365668	-0.5586892080859017					-0.4622144275133975	SCORED	C
HMBOX1	NOT_REPRESENTABLE	-1.1657682019640463	-0.7766800840427006																														-0.9712241430033735	NOT_REPRESENTABLE	C
HMGA1	SCORED	-1.9932824637011637	-1.976309378183906	1377.0	11493.0	173.0	100.0	0.3317036160856335	0.6579520697167756	0.632215874870877	0.683012309496574	0.2717424346460942	0.0254975184596885	0.0094408133623819	0.1398680949419374	0.191835521143696	0.1176470588235294	97.0	-0.0164986747353239	0.0612244897959183	0.393636382839271	0.6252723311546841	0.3495581563059101	0.2864950128294474	284.0	0.2534881223363989	0.3151598392665249	0.3351026593295418					-1.9847959209425348	SCORED	C
HMGB2	NOT_REPRESENTABLE	-2.22087268878286	-2.0277088280020443																														-2.124290758392452	NOT_REPRESENTABLE	C
HMGN1	NOT_REPRESENTABLE	-1.8058214425828432	-1.5129786858248924																														-1.6594000642038678	NOT_REPRESENTABLE	C
HMGN2	NOT_REPRESENTABLE	-1.911541777546331	-0.6385210609688681																														-1.2750314192575996	NOT_REPRESENTABLE	C
HMGN3	INEFFECTIVE_KD	-0.6775537001145944	-0.0980779733577978	2149.0	11493.0	959.0	100.0	0.2778910410484876	0.5439739413680782	0.5226355097860402	0.5651922775275434	-0.0621203487988878	0.0392485126701744	0.0502559329920893	0.125378001309697	0.1525130397387906	0.1764705882352941	97.0	0.0514241847140531	0.2857142857142857	-0.1220671727147324	0.3238715681712424	0.31883087517242	0.0357137905765803	515.0	0.485562348616696	0.1552830812348916	0.344472216258881					-0.38781583673619613	SCORED	E
HOXB4	INEFFECTIVE_KD	0.1704641338179637	-0.0553542811824243	5763.0	11493.0	1260.0	100.0	0.0725100815763457	0.5389554051709179	0.525981852310747	0.551889490529974	0.0573445555772802	-0.0107543308187289	0.0524032621898316	-0.2069253109941576	0.2794353925705033	0.0784313725490196	97.0	0.1571328600573647	0.5510204081632653	0.1647189809987292	0.6194690265486725	0.003947997070254	0.1841864631544009	1801.0	0.0733492923218756	0.0445637919447441	0.1038487568691246					0.057554926317769706	SCORED	E
HOXB9	SCORED	-1.1429899762993152	-1.075353258773074	1392.0	11493.0	864.0	100.0	-0.0221798603924347	0.4956896551724138	0.4690978459898942	0.5222996928281823	0.0292279130051028	0.0719147720615328	0.0517241379310344	0.1665163402547614	-0.1886962006471961	0.9803921568627452	97.0	-0.0474113483703003	0.5	0.4356870301652218	0.7011494252873564	-0.0637985615672627	0.1892908738071548	324.0	-0.1570814920660122	0.0146725520744011	-0.0404097372315499					-1.1091716175361945	SCORED	C
HSF1	INEFFECTIVE_KD	-0.2778122151125703	-0.717408093045961	3782.0	11493.0	3557.0	100.0	0.3019817742687553	0.6832363828662084	0.6681402406215142	0.6980488743232155	0.3020913695327545	0.1012339718626475	0.1930195663670016	0.3065325377670348	-0.0045507634982795	0.5294117647058824	98.0	0.0707921175538306	0.2929292929292929	0.4249720165229012	0.7353252247488101	0.2605317385429039	0.1075069419926184	927.0	0.1778965901676644	0.2107553700622553	0.4004507965075718					-0.4976101540792657	SCORED	E
ILF2	NOT_REPRESENTABLE	-0.5158253203525458	-0.4988943302330924																														-0.5073598252928191	NOT_REPRESENTABLE	E
JUND	SCORED	-1.7571588866158034	-1.838073999378576	3689.0	11493.0	4640.0	100.0	0.5848715638054667	0.7714827866630524	0.7575857924073273	0.7849483263942653	0.4201106927714662	0.2559683877380083	0.2830035239902412	0.470339253076773	0.1145323107286936	0.0196078431372549	98.0	0.1583179771069592	0.0909090909090909	0.8491757162714455	0.9734345351043644	0.5282826194828203	0.2367838729894712	579.0	0.359274833960111	0.6077191833827126	0.5474626663588622					-1.7976164429971897	SCORED	E
KHSRP	NOT_REPRESENTABLE	0.0502983017341041	0.1097817177080511																														0.08004000972107761	NOT_REPRESENTABLE	C
KLF2	SCORED	-0.5339913918571684	-0.5606617421905256	725.0	11493.0	8230.0	100.0	0.0288346776796524	0.5310344827586206	0.4939558573622598	0.5678596493067176	0.1560778084759495	-0.0494460110920529	0.3517241379310344	0.0141488775240483	0.0146858001556041	0.2941176470588235	98.0	-0.0058599276682374	0.4242424242424242	0.3649791144791058	0.7048275862068966	0.0370718126745395	0.0030092154507194	103.0	0.1947568422439924	-0.0318917426819352	0.0783895258693004					-0.547326567023847	SCORED	E
LDB1	NOT_REPRESENTABLE	-0.6343836254695869	-0.7384048087336375																														-0.6863942171016122	NOT_REPRESENTABLE	E
MAF1	NOT_REPRESENTABLE	-0.2392426045049713	-0.1318627266670411																														-0.18555266558600625	NOT_REPRESENTABLE	E
MEIS2	SCORED	-0.6028572643881525	-0.513976214181401	1561.0	11493.0	431.0	100.0	0.2802469273289711	0.6213965406790519	0.5968044909814337	0.645530947394976	0.167363901456771	0.071649952905448	0.0262652146060217	0.1614562738978913	0.1187906534310798	0.1568627450980392	99.0	-0.0133102323685283	0.13	-0.0573963868506911	0.3440102498398462	0.257687092545111	0.0752651662112914	232.0	0.3685461349365448	0.2956122812761768	0.2553482904872185					-0.5584167392847768	SCORED	E
MITF	INEFFECTIVE_KD	-0.2462096583979871	-0.3457682768769672	5331.0	11493.0	1290.0	100.0	0.3413899997710441	0.7026824235603076	0.6902103631882726	0.7149322397738592	0.3077386686100716	-0.0450121404984751	0.0461451885199774	-0.2074878205064377	0.5488778202774818	0.0196078431372549	97.0	0.1790549764633116	0.3673469387755102	-0.6680612914127685	0.1530669667979741	0.2638394000414995	0.0022972716550887	1915.0	0.3004173871483595	0.3412378736470142	0.3474144510904873					-0.2959889676374772	SCORED	E
MXD3	NOT_REPRESENTABLE	-0.7495360463445984	-0.6212984399045087																														-0.6854172431245535	NOT_REPRESENTABLE	E
NFATC1	SCORED	-0.6304826092687961	-0.4590151772266448	3790.0	11493.0	1956.0	100.0	0.3497456191966918	0.7176781002638523	0.7030514450117155	0.7319683736241351	0.3486710144558598	0.1573030399364144	0.1205804749340369	0.3572931626222304	-0.0075475434255385	0.5490196078431373	98.0	0.065892178661865	0.2323232323232323	0.5035834074702373	0.7633245382585752	0.2049006372185828	-0.0920013898796115	960.0	0.1964633615053835	0.3670189239725495	0.3407436578239752					-0.5447488932477205	SCORED	E
NFE2L1	SCORED	-1.7243229005673086	-1.6908152854233176	3521.0	11493.0	277.0	100.0	0.6582002663107178	0.8903720533939222	0.879584605877772	0.900506357798362	0.6635958308808299	0.1039127040301377	0.0232888383981823	0.4371073576094652	0.2210929087012526	0.0392156862745098	97.0	-0.0327340163756503	0.010204081632653	0.8078363762864086	0.9454700369213292	0.6547658388665465	0.3290995811453983	763.0	0.460687490676375	0.7162756916869184	0.7332995367983942	-1.3171695449918666	-1.315095984160541	0.5893037510042639	0.5696687686223639	-1.5118509287857584	SCORED	E
NFYA	INEFFECTIVE_KD			2204.0	11493.0	1365.0	100.0	-0.1322063513378276	0.4836660617059891	0.462609512409345	0.5047660976347371	-0.0362209318730911	-0.0458428272341937	0.043103448275862	-0.1714751314270698	0.0392687800892422	0.392156862745098	97.0	0.0500621770589386	0.7142857142857143	-0.3086350832997961	0.323956442831216	-0.1113760838942963	0.085786030048097	590.0	-0.2192675169702599			-0.1403050423822538	-0.0988097024708043	-0.0834950553663814	-0.1608633892179893	-0.11955737242652908	SCORED	E
NFYB	SCORED	-0.3309307119424938	-0.1670243765270385	3785.0	11493.0	1195.0	100.0	-0.5990841016912138	0.1722589167767503	0.1603537029380488	0.1846724302113802	-0.5225588156278661	-0.1919789052295883	0.0232496697490092	-0.4627770542020459	-0.1363070474891679	0.9019607843137256	97.0	0.0827844216470534	0.9591836734693876	-0.8059946467434516	0.0591809775429326	-0.5273590613441995	0.0019858961162674	882.0	-0.4832774357527175	-0.6023788675977498	-0.6003785738953729	-1.447212994035648	-1.0975362530898105	-0.5739627334672073	-0.5819362435993061	-0.7606760838987476	SCORED	E
NONO	NOT_REPRESENTABLE	-1.3828450592991306																											-1.4973885165707514	-1.6391970983381992			-1.5064768914026938	NOT_REPRESENTABLE	E
NR2C2	INEFFECTIVE_KD	0.4053155981734235		2406.0	11494.0	4942.0	100.0	-0.5152973041769954	0.2813798836242726	0.2634791867436931	0.2998142625238466	-0.2787725025563002	-0.2716940933698425	0.1296758104738154	-0.466647690731135	-0.0486496134458603	0.7254901960784313	98.0	-0.0842582436406352	0.7676767676767676	-0.6848077428230701	0.1325852036575228	-0.5036458232826102	-0.034198742115075	441.0	-0.4303714492790123	-0.4938382163865795		-0.7049626173905779	-0.5476862419154962	-0.4584755319501539	-0.5193839889913787	-0.2824444203775502	SCORED	E
NR2F2	INEFFECTIVE_KD	-0.5564896694545265		2004.0	11493.0	2281.0	100.0	0.0180572019805643	0.4735528942115768	0.4514951369565261	0.4956881388768894	-0.0995777030421754	-0.0502919417942623	0.0878243512974051	-0.1314996673056115	0.1495568692861758	0.1568627450980392	98.0	0.0664318908320512	0.5555555555555556	0.1020701823159358	0.6012974051896207	0.0093283072520848	0.0118199915769871	426.0	0.1779830768603909	-0.0115843832557675		-0.0685997968804592	-0.2343683828923879	-0.0025021869606495	0.0122200567368443	-0.2864859497424579	SCORED	E
NR4A1	SCORED			1776.0	11493.0	1631.0	100.0	-0.1734156757628785	0.4375	0.4142663622386566	0.4609404563124913	-0.0056240071900609	0.0236827322028181	0.0782657657657657	0.0705231804052883	-0.2439388561681668	0.9803921568627452	97.0	-5.020908586646858e-05	0.7244897959183674	0.2376965163907559	0.6413288288288288	-0.0691901925730974	0.051357773610821	386.0	-0.222899332261906			-1.3321654135035883	-0.8880543747996246	-0.1333670788260451	-0.1876359778421671	-1.1101098941516065	SCORED	E
NRF1	SCORED	0.0673779720444862		2241.0	11493.0	9956.0	100.0	-0.0596684377798351	0.4765729585006693	0.4557134076511054	0.4974938445184819	0.0082245223311808	-0.0030999059754979	0.4074074074074074	-0.019697158892062	-0.0399712788877731	0.803921568627451	98.0	-0.083786069153501	0.494949494949495	0.4625584087336987	0.7603748326639893	-0.0180114866868076	-0.0806201986059014	457.0	0.0251056498996432	-0.0428446315855912		-0.8259250866515728	-1.0008199981085395	-0.0302674825962665	-0.064288097886717	-0.5864557042385421	SCORED	E
RBBP7	NOT_REPRESENTABLE	0.5259774581420977																											-0.8224016394605727	-0.6713334424051283			-0.3225858745745344	NOT_REPRESENTABLE	E
RELA	SCORED			1885.0	11493.0	3312.0	100.0	0.4860617876220685	0.7427055702917772	0.7223382943372022	0.762314910337983	0.3546643028652105	0.2126100303666126	0.2270557029177718	0.4241877037496733	0.0618740838723951	0.2352941176470588	98.0	0.0674436870369817	0.1717171717171717	0.4605991401148468	0.696551724137931	0.5284580407237978	-0.1491068190715711	418.0	0.3957074419942412			-1.4583740273594137	-1.408855515098372	0.4678231606092045	0.4966459488704095	-1.4336147712288927	SCORED	E
RFX5	SCORED	-1.9270754532599896	-2.0343640834369507	4404.0	11493.0	3784.0	100.0	0.5059463164409914	0.7665758401453224	0.753794610990103	0.7790025933397018	0.4053599776435994	0.2395460126601653	0.2372842870118074	0.4061887378635493	0.0997575785774421	0.0588235294117647	98.0	0.2468468428195231	0.202020202020202	0.7725044162958137	0.9016802906448684	0.392648197687022	0.2557564349555666	906.0	0.3534240472379584	0.4946448484109179	0.5127410311366267					-1.9807197683484703	SCORED	E
RNF2	NOT_REPRESENTABLE																												-1.0754527886207246	-1.2575020423111605			-1.1664774154659425	NOT_REPRESENTABLE	E
SETDB1	SCORED	0.0302848957657406	-1.4148853210954595	2286.0	11493.0	8987.0	100.0	0.1873404686778635	0.6338582677165354	0.6137296526758056	0.6536431913180696	0.2642607792699404	0.0896239734266719	0.4221347331583552	0.0745024091784252	0.1128380594994383	0.0588235294117647	98.0	-0.0870285777688714	0.3838383838383838	0.4612400134152816	0.7882764654418197	0.1659849160915263	-0.0039033441065877	496.0	-0.0277145768058989	0.237143538984492	0.2099827601862906	-1.2020494414817282		0.1453673075551853		-0.8622166222704823	SCORED	E
SIX5	SCORED			4884.0	11493.0	1549.0	100.0	0.2807183815742953	0.6701474201474201	0.6567605413799039	0.6833306276265717	0.2679250149041631	0.0823181184859272	0.085995085995086	0.3433574972349611	-0.0626391156606658	0.6470588235294118	97.0	0.1478718527260132	0.4183673469387755	0.6844574453569041	0.8910728910728911	0.2748540219915831	0.229756336139206	1163.0	0.073869824250699			-1.6025859245184595	-1.3321191006735749	0.298093981854369	0.275124347625353	-1.4673525125960172	SCORED	E
SMAD5	NOT_REPRESENTABLE																												-0.7310957969277112	-0.7873813191345711			-0.7592385580311412	NOT_REPRESENTABLE	E
SMARCA4	NOT_REPRESENTABLE	-0.5919476543319817	-0.5719237546099034																														-0.5819357044709426	NOT_REPRESENTABLE	E
SNW1	NOT_REPRESENTABLE	0.0381048591458821	-0.015669714857486																														0.011217572144198051	NOT_REPRESENTABLE	S
SP1	INEFFECTIVE_KD	0.3954692840306251		4448.0	11493.0	10027.0	100.0	-0.265410799358904	0.3765737410071942	0.362307144462505	0.391002587331579	-0.2059938610291328	-0.178427544968048	0.3592625899280575	-0.2315792892925212	-0.0338315100663828	0.6862745098039216	98.0	-0.0508515384456937	0.696969696969697	-0.6766749934501622	0.110386690647482	-0.2943798068054302	0.0149462091678909	907.0	-0.2851960287609485	-0.3229944073412799		-0.3662336102855565	-0.4152999577435992	-0.2436022258451795	-0.1958026179652136	-0.1286880946661769	SCORED	E
SP2	SCORED		-2.000144423365525	5834.0	11493.0	10274.0	100.0	0.6483687443706297	0.8543023654439492	0.8449865482768641	0.8632623307610788	0.6369266645353618	0.5369292759323918	0.7264312649982859	0.5830314904572627	0.065337253913367	0.0196078431372549	98.0	0.0229066669264889	0.0909090909090909	0.8143793877484291	0.9468632156324992	0.6123196498594732	0.2599889461003793	1740.0	0.5301195002923166		0.635189750118577	-2.267861989066441	-2.1594966794140458	0.651182916073117	0.6516226655324499	-2.142501030615337	SCORED	E
SRF	SCORED	-0.4328322938850881	-0.6986687868085717	1439.0	11493.0	8333.0	100.0	-0.7594485176092566	0.050034746351633	0.0393519218959089	0.062598425688925	-0.802969065381426	-0.6239350152404224	0.050034746351633	-0.6972943504737318	-0.0621541671355247	1.0	98.0	-0.0458309070145172	1.0	-0.5000473498577922	0.1938846421125782	-0.7614122610520042	-0.2775476512681972	262.0	-0.8095896758902935	-0.7803783682793451	-0.7321912579101336					-0.5657505403468299	SCORED	C
STAT1	SCORED	-1.7626813805287558	-1.6069349471008287	1472.0	11493.0	6644.0	100.0	-0.5752759766537484	0.1963315217391304	0.1763214657661269	0.2175608278457439	-0.5200959913849966	-0.3848203842225343	0.1379076086956521	-0.5350987054491663	-0.0401772712045821	0.803921568627451	98.0	-0.0002201533132398	0.98989898989899	-0.5543392517145584	0.1847826086956521	-0.5713346662545823	-0.180503789940322	286.0	-0.638487314995659	-0.5626682260285946	-0.5838418429506982					-1.6848081638147923	SCORED	C
STAT2	SCORED	-1.6058685147664455	-1.652987409308876	3001.0	11493.0	5326.0	100.0	0.3549834366065168	0.7027657447517495	0.6860551407270554	0.719080165918371	0.334483827827323	0.1781300170264228	0.3135621459513495	0.3635985442536507	-0.0086151076471338	0.5490196078431373	98.0	0.0600894363282513	0.2929292929292929	0.6701160886266998	0.8713762079306898	0.3152043488956551	-0.1308073420486317	413.0	0.1033927604711243	0.3316696819459045	0.3824317699446165					-1.6294279620376608	SCORED	E
STAT5A	SCORED	-0.7765167037979612	-0.6991463987933741	768.0	11493.0	1365.0	100.0	-0.0203312582757878	0.4986979166666667	0.4627480790643068	0.534657786812008	0.0255902011597918	0.0517339982359832	0.0611979166666666	0.1852931472027104	-0.2056244054784982	0.9019607843137256	97.0	0.0577443360126682	0.6326530612244898	0.3665388811558722	0.69140625	0.2343484045739123	0.0033398790823687	114.0	-0.172702051396286	0.0084949479050213	-0.0304124610054157					-0.7378315512956677	SCORED	E
STAT6	SCORED	-0.9621818662238883	-1.0235620696301844	1080.0	11493.0	463.0	100.0	0.1479559643731595	0.6101851851851852	0.5803672613453569	0.6394009770763588	0.2890026826886481	0.0842998742448901	0.025	0.254818901589984	-0.1068629372168245	0.803921568627451	99.0	-0.0123110626047442	0.26	0.5715038716978019	0.8166666666666667	0.3051501342272181	0.1028980172689143	132.0	0.0518645677343949	0.1552295957959763	0.1740763206918265					-0.9928719679270364	SCORED	E
TARDBP	NOT_REPRESENTABLE	-0.8776134533438285	-0.7309019359037077																														-0.8042576946237681	NOT_REPRESENTABLE	E
TBL1XR1	NOT_REPRESENTABLE	-0.2355786351700679	-0.3914061987441855																														-0.3134924169571267	NOT_REPRESENTABLE	E
TEAD2	SCORED	-2.8390206256478194	-2.6512794638261328	5152.0	11493.0	7928.0	100.0	0.5244589617201962	0.7713509316770186	0.7596343693592287	0.7827592908780134	0.4816021421672395	0.2834806391830197	0.453027950310559	0.4576782296960007	0.0667807320241955	0.0980392156862745	98.0	0.1052659790837784	0.1414141414141414	0.8441582139548269	0.9722437888198758	0.5081367918370471	0.2742414810163259	883.0	0.3928321149560622	0.5286419785741289	0.5104582206221945					-2.745150044736976	SCORED	E
TEAD4	SCORED	-1.6767446031194488	-1.7283443223579171	3988.0	11493.0	418.0	100.0	0.3816024810371051	0.7474924774322969	0.7337050515036104	0.7609163868429639	0.3945568551129061	-0.0028283387402693	0.017803410230692	0.0557777656393537	0.3258247153977514	0.0980392156862745	99.0	0.0400036287576264	0.19	0.5913788957392164	0.8553159478435306	0.1571175927888633	-0.1237760505307125	643.0	0.1231891129706062	0.3741229397965848	0.3923020170512555					-1.702544462738683	SCORED	E
TFDP1	SCORED	-2.640826916168522	-2.3619505698381857	4062.0	11493.0	9206.0	100.0	-0.7051852041027848	0.1445100935499753	0.1338328423182788	0.1557013637102822	-0.5787839546170276	-0.567138578206695	0.1410635155096012	-0.657817772863935	-0.0473674312388499	1.0	98.0	0.0664352266535791	0.9292929292929292	-0.8480842482455271	0.0248645987198424	-0.6844958155589925	0.0594691720083097	642.0	-0.4587441258438698	-0.6770556080371609	-0.7173549467234808					-2.501388743003354	SCORED	E
THAP1	SCORED	-0.5798072046564524	-0.7705573076529033	5105.0	11493.0	9881.0	100.0	-0.5763292859101712	0.1704211557296767	0.1601995269429123	0.181021075729718	-0.5746721027408344	-0.3931751289255481	0.2225269343780607	-0.5449538907608541	-0.031375395149317	0.9019607843137256	98.0	0.1360123662837511	0.8282828282828283	-0.8689166305206595	0.0219392752203721	-0.5597780621274024	0.0012292954166165	822.0	-0.3551968734615121	-0.5751684958705592	-0.5750467177184565					-0.6751822561546779	SCORED	E
TLE2	NOT_REPRESENTABLE	-2.501923636362692	-2.3966957184565167																														-2.4493096774096044	NOT_REPRESENTABLE	E
TRIM28	SCORED	-1.2094536679265817	-1.207133910128876	3032.0	11493.0	1691.0	100.0	0.4447787815391719	0.7635224274406333	0.7479826267081033	0.7785521244513278	0.4447350013814106	0.1645230178146506	0.1151055408970976	0.4733784348768721	-0.0285996533377002	0.6666666666666666	97.0	0.1328619633399049	0.2959183673469387	0.7329203135325881	0.9376649076517152	0.4013208676588692	0.25830462057388	285.0	0.1560430673848019	0.4389920599283525	0.4575492345250669					-1.2082937890277288	SCORED	E
UBTF	NOT_REPRESENTABLE	-0.1180208300193736	-0.1125269743836003																														-0.11527390220148703	NOT_REPRESENTABLE	C
USF1	SCORED	-1.8502121350853635	-1.7239465844642154	1351.0	11493.0	5210.0	100.0	-0.1209344966180358	0.3715766099185788	0.3457421248524858	0.397971155637171	-0.2662253171860271	0.0163062811355568	0.1857883049592894	-0.0496547281067627	-0.0712797685112731	0.8235294117647058	98.0	-0.0050519472998548	0.5757575757575758	-0.3000433311872131	0.3323464100666173	-0.1301077099247526	0.2618131162491465	296.0	-0.0705118061050264	-0.112992008045741	-0.1621847312122871					-1.7870793597747894	SCORED	C
USF2	SCORED	-1.9870412522403988	-2.068287512519502	4931.0	11493.0	5272.0	100.0	0.6969373791101235	0.900020279862097	0.8913079162711934	0.908255693752368	0.6950558703184512	0.3765073418294861	0.3763942405191645	0.602159215656533	0.0947781634535905	0.0196078431372549	98.0	0.0387139016355356	0.0505050505050505	0.7023157079730005	0.9036706550395456	0.6551941536015536	0.3609578486044393	1169.0	0.5752541958082931	0.699622579783905	0.690597463560206					-2.0276643823799505	SCORED	E
WHSC1	NOT_REPRESENTABLE																																	NOT_REPRESENTABLE	E
ZBTB33	SCORED	-1.3786057682577422	-1.5006244855582231	1649.0	11493.0	9437.0	100.0	-0.1433061734170378	0.469981807155852	0.4456610065435079	0.4944096374327554	0.126420253335381	-0.151797429084302	0.3402061855670103	-0.0780718515764821	-0.0652343218405557	0.8627450980392157	98.0	0.0769536459819184	0.6868686868686869	0.3098366497762425	0.679805942995755	-0.1498780404762456	-0.2370475620571883	482.0	-0.2642423376682803	-0.1001032857381891	-0.1271055475691565					-1.4396151269079827	SCORED	C
ZC3H11A	NOT_REPRESENTABLE	-1.8952527520136704	-1.667697668770856																														-1.781475210392263	NOT_REPRESENTABLE	C
ZNF143	INEFFECTIVE_KD	-0.1041248658604612	-0.0967221446400916	1408.0	11493.0	9058.0	100.0	-0.5209702598255531	0.2386363636363636	0.2165808201075117	0.2617878494249505	-0.2067586423507382	-0.319901095007692	0.2322443181818181	-0.442731382747026	-0.078238877078527	1.0	98.0	0.0188268237712839	0.9696969696969696	-0.1240079231330833	0.5099431818181818	-0.5244611004491605	-0.2237402971936699	305.0	-0.3624016647211084	-0.5818478633878436	-0.4321759419175333					-0.10042350525027643	SCORED	C
ZNF384	SCORED	-0.4309136439181333	-0.7259340326745338	1830.0	11493.0	2219.0	100.0	-0.2745200491363838	0.3092896174863388	0.2881596074835353	0.3310326505538096	-0.3686662548371671	-0.1366460056340143	0.0568306010928961	-0.3118774279431091	0.0373573788067252	0.4313725490196078	98.0	-0.100004603910953	0.7373737373737373	-0.4128047045596423	0.2513661202185792	-0.2310516068225847	-0.2569662163349903	397.0	-0.0712583219893068	-0.320688800648932	-0.233850397226808					-0.5784238382963336	SCORED	C
ZNF395	NOT_REPRESENTABLE	-0.397963618574364	-0.2735567212475303																														-0.33576016991094715	NOT_REPRESENTABLE	E
