ko	status	status_s_te3	n_resp_te	alpha	rho_resp_te	sign_resp_te	rho_all_te	sign_all_te	rho_shuf_median_te	delta_shuf_te	p_shuf_te	n_random_tf	p_random_tf_te	rho_baseline_te	te_heldout_r2_median	c5_status	c5_abs_lfc_pct	c5_sign_pct	s_te1_status	s_te1_n_resp	s_te1_rho	s_te1_sign	s_te2_status	s_te2_n_resp	s_te2_rho	s_te2_sign
ATXN7L3	NOT_REPRESENTABLE																									
CBFB	TE_SCORED	TE_SCORED	57.0	100.0	-0.1345605392792326	0.40350877192982454	0.03197743327170152	0.2949438202247191	-0.11796733212341198	-0.016593207155820605	0.8823529411764706	75.0	0.75	0.15808918848846254	0.24894665262819882	ESTIMATED	0.114	0.2265	TE_SCORED	49.0	-0.15091836734693875	0.42857142857142855	TE_SCORED	11.0	0.5545454545454546	0.5454545454545454
ETS1	TE_SCORED	TE_SCORED	17.0	100.0	0.3088235294117647	0.6470588235294118	0.16074302349928446	0.547752808988764	0.2818627450980392	0.026960784313725505	0.4117647058823529	75.0	0.15789473684210525	0.5588235294117647	0.26497271234062636	ESTIMATED	0.652	0.0075	TE_SCORED	14.0	0.3318681318681319	0.7142857142857143	TE_WEAK_KO	4.0	0.19999999999999998	0.5
FOXK1	TE_SCORED	TE_SCORED	19.0	100.0	-0.05087719298245614	0.47368421052631576	0.009299463160175778	0.31320224719101125	-0.06491228070175438	0.01403508771929824	0.37254901960784315	75.0	0.5	0.07192982456140351	0.277361837883029	ESTIMATED	0.035	0.39049999999999996	TE_SCORED	19.0	-0.05087719298245614	0.47368421052631576	TE_WEAK_KO	4.0	-0.39999999999999997	0.75
FOXP1	TE_SCORED	TE_SCORED	11.0	100.0	0.5727272727272729	0.6363636363636364	-0.03149749100839673	0.39325842696629215	0.5090909090909091	0.06363636363636371	0.3333333333333333	75.0	0.05263157894736842	0.018181818181818184	0.25282167100678155	ESTIMATED	0.546	0.489	TE_WEAK_KO	8.0	0.4761904761904762	0.875	TE_WEAK_KO	3.0	0.5	0.6666666666666666
GATA3	TE_SCORED	TE_SCORED	16.0	100.0	0.16176470588235295	0.6875	-0.006111849952680673	0.49157303370786515	0.19705882352941176	-0.03529411764705881	0.7058823529411765	75.0	0.3157894736842105	0.19117647058823528	0.26637531054569297	ESTIMATED	0.63	0.5565	TE_SCORED	15.0	0.19999999999999998	0.6666666666666666	TE_WEAK_KO	4.0	0.39999999999999997	0.5
HIVEP2	TE_WEAK_KO	TE_WEAK_KO	2.0	100.0			0.08276198062025325	0.6207865168539326			0.0196078431372549	75.0	0.013157894736842105		0.268246176859202	ESTIMATED	0.938	0.964	TE_WEAK_KO	2.0			TE_WEAK_KO	6.0	0.2	0.8333333333333334
IL2RA	NOT_REPRESENTABLE																									
IRF1	TE_WEAK_KO	TE_SCORED	6.0	100.0	0.7142857142857143	0.8333333333333334	0.1376294948125609	0.6221910112359551	0.6571428571428573	0.05714285714285705	0.49019607843137253	75.0	0.09210526315789473	0.8857142857142858	0.2536038277079436	ESTIMATED	0.999	0.22250000000000003	TE_WEAK_KO	6.0	0.7142857142857143	0.8333333333333334	TE_WEAK_KO	3.0	0.5	0.3333333333333333
IRF2	TE_SCORED	TE_SCORED	18.0	100.0	0.24871001031991744	0.5555555555555556	0.00899718863413206	0.39325842696629215	0.2786377708978328	-0.02992776057791538	0.7058823529411765	75.0	0.11842105263157894	0.45304437564499483	0.2572562418587419	ESTIMATED	0.972	0.9440000000000001	TE_SCORED	17.0	0.25490196078431376	0.5882352941176471	TE_WEAK_KO	8.0	0.04761904761904763	0.625
IRF4	TE_SCORED	TE_SCORED	33.0	100.0	0.1824866310160428	0.696969696969697	0.17701803985808126	0.598314606741573	0.1895053475935829	-0.007018716577540107	0.5098039215686274	75.0	0.2631578947368421	0.2977941176470588	0.25126655679181664	ESTIMATED	0.876	0.7	TE_SCORED	26.0	0.21504273504273502	0.6923076923076923	TE_SCORED	21.0	0.3896103896103896	0.8095238095238095
JAK3	NOT_REPRESENTABLE																									
KLF2	TE_SCORED	TE_SCORED	13.0	100.0	0.3186813186813187	0.7692307692307693	0.19362139577024454	0.547752808988764	0.0989010989010989	0.21978021978021983	0.058823529411764705	75.0	0.17105263157894737	0.13186813186813187	0.2455372579858351	ESTIMATED	0.957	0.903	TE_SCORED	12.0	0.30069930069930073	0.75	TE_WEAK_KO	4.0	-0.39999999999999997	0.5
KMT2A	NOT_REPRESENTABLE																									
MBD2	TE_SCORED	TE_SCORED	16.0	100.0	0.055882352941176466	0.5	-0.011097617583361046	0.3707865168539326	-0.12352941176470586	0.17941176470588233	0.0196078431372549	75.0	0.40789473684210525	-0.08823529411764705	0.2587996095395354	ESTIMATED	0.892	0.7855	TE_SCORED	15.0	0.11428571428571425	0.5333333333333333	TE_WEAK_KO	3.0	0.5	0.6666666666666666
MED12	NOT_REPRESENTABLE																									
MYB	TE_SCORED	TE_SCORED	28.0	100.0	0.1986863711001642	0.5357142857142857	0.04541960671198392	0.6657303370786517	0.4258347016967706	-0.2271483305966064	1.0	74.0	0.21333333333333335	0.3825944170771757	0.26485027408011574	ESTIMATED	0.505	0.3305	TE_SCORED	27.0	0.21611721611721613	0.5555555555555556	TE_WEAK_KO	5.0	-0.3	0.4
PTEN	TE_SCORED	TE_SCORED	24.0	100.0	0.737391304347826	0.7083333333333334	0.06118685373111226	0.5070224719101124	0.73	0.007391304347825978	0.47058823529411764	75.0	0.013157894736842105	0.36347826086956525	0.27074662105636405	ESTIMATED	0.969	0.18	TE_SCORED	24.0	0.737391304347826	0.7083333333333334	TE_WEAK_KO	4.0	0.19999999999999998	0.75
RELA	TE_SCORED	TE_SCORED	11.0	100.0	0.18181818181818182	0.8181818181818182	0.03899933168472036	0.6685393258426966	0.20000000000000004	-0.018181818181818216	0.5882352941176471	75.0	0.18421052631578946	-0.23636363636363636	0.25185293909361867	ESTIMATED	0.72	0.3905	TE_SCORED	11.0	0.18181818181818182	0.8181818181818182	TE_WEAK_KO	2.0		
STAT5A	TE_SCORED	TE_SCORED	39.0	100.0	0.09797570850202429	0.41025641025641024	0.014705928310935033	0.3806179775280899	0.1055668016194332	-0.007591093117408909	0.5686274509803921	74.0	0.3466666666666667	0.10951417004048583	0.25534805865660704	ESTIMATED	0.206	0.8039999999999999	TE_SCORED	36.0	0.04298584298584299	0.3888888888888889	TE_WEAK_KO	3.0	-1.0	0.6666666666666666
STAT5B	TE_SCORED	TE_SCORED	32.0	100.0	0.15872434017595305	0.6875	0.17744601829778217	0.6558988764044944	0.14809384164222875	0.010630498533724303	0.37254901960784315	74.0	0.16	-0.04912023460410556	0.24116125599023158	ESTIMATED	0.959	0.2225	TE_SCORED	29.0	0.18571428571428567	0.6896551724137931	TE_WEAK_KO	4.0	0.19999999999999998	0.75
TNFAIP3	NOT_REPRESENTABLE																									
YY1	TE_SCORED	TE_SCORED	30.0	100.0	-0.061179087875417135	0.36666666666666664	0.01642193135336205	0.2808988764044944	-0.09276974416017797	0.031590656284760835	0.35294117647058826	75.0	0.4868421052631579	-0.21557285873192436	0.26303022647830876	ESTIMATED	0.915	0.8435	TE_SCORED	30.0	-0.061179087875417135	0.36666666666666664	TE_SCORED	22.0	0.040090344438170535	0.3181818181818182
ZNF217	NOT_REPRESENTABLE																									
