ko	status	n_resp_te	p_null_1v7	dlog2_te_share
CBFB	TE_SCORED	57.0	0.009746588693957114	-0.2282
ETS1	TE_SCORED	17.0	0.12085769980506822	-0.0128
FOXK1	TE_SCORED	19.0	0.11306042884990253	0.0603
FOXP1	TE_SCORED	11.0	0.19883040935672514	-0.001
GATA3	TE_SCORED	16.0	0.12085769980506822	0.0029
HIVEP2	TE_WEAK_KO	2.0	0.9883040935672515	-0.025
IRF1	TE_WEAK_KO	6.0	0.672514619883041	0.0073
IRF2	TE_SCORED	18.0	0.11695906432748537	-0.0684
IRF4	TE_SCORED	33.0	0.07212475633528265	0.1393
KLF2	TE_SCORED	13.0	0.14619883040935672	-0.0147
MBD2	TE_SCORED	16.0	0.12085769980506822	-0.0939
MYB	TE_SCORED	28.0	0.08576998050682261	0.1444
PTEN	TE_SCORED	24.0	0.09551656920077972	-0.0559
RELA	TE_SCORED	11.0	0.19883040935672514	0.0817
STAT5A	TE_SCORED	39.0	0.050682261208576995	0.1765
STAT5B	TE_SCORED	32.0	0.07602339181286549	0.1242
YY1	TE_SCORED	30.0	0.08187134502923976	0.0857
