target	perturb_type	n_tested	n_fdr05	median_abs_effect	frac_up_sig	frac_up_ci95_low	frac_up_ci95_high	p_emp_hits	fdr_hits	p_emp_effect	fdr_effect
tasora	delete	1912	1427	0.3522951042906195	0.002102312543798178	0.0004337574007448827	0.0061314450326441896	0.04395604395604396	0.6923076923076924	0.07692307692307693	0.6593406593406593
safb	delete	1912	1387	0.38244239229149884	0.0021629416005767843	0.00044627286312892803	0.006307903418483118	0.06593406593406594	0.6923076923076924	0.054945054945054944	0.6593406593406593
ythdc1	delete	1912	1184	0.29206858924290036	0.005067567567567568	0.0018619100916604369	0.010997106260086358	0.12087912087912088	0.6923076923076924	0.10989010989010989	0.6593406593406593
morc2	delete	1912	1133	0.32876435540295357	0.01323918799646955	0.007428294462677441	0.02174214550807885	0.14285714285714285	0.6923076923076924	0.0989010989010989	0.6593406593406593
dnmt3bb.1	delete	1912	1084	0.29152742104762586	0.01014760147601476	0.005076223960166835	0.01808417401778707	0.15384615384615385	0.6923076923076924	0.10989010989010989	0.6593406593406593
kdm1a	delete	1912	1015	0.23616142879075236	0.0049261083743842365	0.0016013703355934339	0.011458171673095796	0.16483516483516483	0.6923076923076924	0.17582417582417584	0.6593406593406593
tp53	delete	1912	961	0.21671440502665634	0.9895941727367326	0.980946810426504	0.9949990393401688	0.18681318681318682	0.6923076923076924	0.24175824175824176	0.6593406593406593
tasorb	delete	1912	933	0.2744922307436083	0.01929260450160772	0.01147310619313469	0.03031977784679393	0.1978021978021978	0.6923076923076924	0.14285714285714285	0.6593406593406593
pphln1	delete	1912	741	0.1952269022172411	0.9892037786774629	0.9788384605496768	0.995327755502804	0.21978021978021978	0.6923076923076924	0.2857142857142857	0.6593406593406593
atf7ip	delete	1912	699	0.1997299848680609	0.004291845493562232	0.00088595775350481	0.012490943971834353	0.23076923076923078	0.6923076923076924	0.2857142857142857	0.6593406593406593
dnmt3ab	delete	1912	603	0.19603007607530187	0.003316749585406302	0.0004019264565493558	0.011929446423249149	0.34065934065934067	0.8967032967032966	0.2857142857142857	0.6593406593406593
ehmt2	delete	1912	536	0.2013224056812172	0.03171641791044776	0.018582351993557983	0.050296456509058174	0.3956043956043956	0.8967032967032966	0.2857142857142857	0.6593406593406593
setdb1b	delete	1912	523	0.1948186293790133	0.9961759082217974	0.986254893271062	0.9995365487693544	0.4175824175824176	0.8967032967032966	0.2857142857142857	0.6593406593406593
mettl3	delete	1912	480	0.16646715522731864	0.9729166666666667	0.9541319379110071	0.9855021652427929	0.42857142857142855	0.8967032967032966	0.37362637362637363	0.8006279434850864
yy1a	delete	1912	406	0.14394137348229136	0.9532019704433498	0.9278817159468926	0.9715927716444775	0.46153846153846156	0.8967032967032966	0.42857142857142855	0.8155002891844998
daxx	delete	1912	380	0.13885159965858468	0.039473684210526314	0.02225857962443271	0.0642708236911442	0.4945054945054945	0.8967032967032966	0.4725274725274725	0.8155002891844998
mphosph8	delete	1912	336	0.1388339831337147	0.09523809523809523	0.0660575083149198	0.13178504915998687	0.5494505494505495	0.8967032967032966	0.4725274725274725	0.8155002891844998
chaf1a	delete	1912	332	0.13028157543506025	0.9819277108433735	0.9610811975516099	0.9933396293721557	0.5604395604395604	0.8967032967032966	0.5054945054945055	0.8155002891844998
ezh2	delete	1912	320	0.1291258478559092	0.059375	0.03612252892562535	0.09117079204025588	0.5714285714285714	0.8967032967032966	0.5164835164835165	0.8155002891844998
yy1b	delete	1912	231	0.10457461205089649	0.9437229437229437	0.9056870467130665	0.9696980032238227	0.6263736263736264	0.8967032967032966	0.6813186813186813	0.9733124018838305
atrx	delete	1912	203	0.10366249840916544	0.6206896551724138	0.5501071480567064	0.6876916627880686	0.6703296703296703	0.8967032967032966	0.6813186813186813	0.9733124018838305
smarcad1a	delete	1912	199	0.09402217733528159	0.19597989949748743	0.14322877080436774	0.2580252178769922	0.6703296703296703	0.8967032967032966	0.7692307692307693	0.9768009768009768
mov10a	delete	1912	157	0.07047309709956026	0.20382165605095542	0.14378755425679926	0.27537651014144227	0.7362637362637363	0.8967032967032966	0.978021978021978	0.989010989010989
runx3	delete	1912	152	0.062425765638846956	0.09868421052631579	0.0562919732999072	0.15753818993943233	0.7472527472527473	0.8967032967032966	0.989010989010989	0.989010989010989
znf438	delete	1912	151	0.0884410172355771	0.7549668874172185	0.6784212342683745	0.8212315650563063	0.7472527472527473	0.8967032967032966	0.8351648351648352	0.9768009768009768
rb1	delete	1912	121	0.0877127732651926	0.9586776859504132	0.9062009295341396	0.9864486899659963	0.8461538461538461	0.9301412872841445	0.8461538461538461	0.9768009768009768
dnmt1	delete	1912	118	0.0828367050090078	0.4152542372881356	0.32528089274393757	0.5095856242906127	0.8681318681318682	0.9301412872841445	0.8791208791208791	0.9768009768009768
myca	delete	1912	117	0.0886611186958236	0.5299145299145299	0.43546051684766074	0.6228179341048592	0.8681318681318682	0.9301412872841445	0.8351648351648352	0.9768009768009768
setdb1a	delete	1912	69	0.08368775605578466	0.9420289855072463	0.8581710922077147	0.9839808414668839	0.978021978021978	0.978021978021978	0.8791208791208791	0.9768009768009768
uhrf1	delete	1912	73	0.0710099681072858	0.6986301369863014	0.5799884954022325	0.8005603901426165	0.978021978021978	0.978021978021978	0.967032967032967	0.989010989010989
tasora	overexpress	1912	1427	0.3318884940720928	0.9978976874562018	0.9938685549673558	0.9995662425992551	0.04395604395604396	0.6923076923076924	0.08791208791208792	0.8791208791208792
safb	overexpress	1912	1387	0.3104358153881306	0.9978370583994232	0.9936920965815169	0.9995537271368711	0.06593406593406594	0.6923076923076924	0.0989010989010989	0.8791208791208792
ythdc1	overexpress	1912	1184	0.3037193962266761	0.9949324324324325	0.9890028937399136	0.9981380899083395	0.12087912087912088	0.6923076923076924	0.10989010989010989	0.8791208791208792
morc2	overexpress	1912	1133	0.2390629570899498	0.9867608120035305	0.9782578544919212	0.992571705537323	0.14285714285714285	0.6923076923076924	0.18681318681318682	0.8791208791208792
dnmt3bb.1	overexpress	1912	1084	0.23055755675204676	0.9898523985239852	0.9819158259822129	0.9949237760398332	0.15384615384615385	0.6923076923076924	0.1978021978021978	0.8791208791208792
kdm1a	overexpress	1912	1015	0.20426293775123155	0.9950738916256158	0.9885418283269043	0.9983986296644065	0.16483516483516483	0.6923076923076924	0.26373626373626374	0.8791208791208792
tp53	overexpress	1912	961	0.2368663793731157	0.01040582726326743	0.005000960659831191	0.019053189573496086	0.18681318681318682	0.6923076923076924	0.1978021978021978	0.8791208791208792
tasorb	overexpress	1912	933	0.20033285399214118	0.9807073954983923	0.969680222153206	0.9885268938068653	0.1978021978021978	0.6923076923076924	0.26373626373626374	0.8791208791208792
pphln1	overexpress	1912	741	0.2085015417870552	0.010796221322537112	0.004672244497196026	0.021161539450323192	0.21978021978021978	0.6923076923076924	0.25274725274725274	0.8791208791208792
atf7ip	overexpress	1912	699	0.17357931921233316	0.9957081545064378	0.9875090560281655	0.9991140422464956	0.23076923076923078	0.6923076923076924	0.32967032967032966	0.8913308913308914
dnmt3ab	overexpress	1912	603	0.13326167317834264	0.9966832504145937	0.9880705535767509	0.9995980735434506	0.34065934065934067	0.8967032967032966	0.5274725274725275	0.8913308913308914
ehmt2	overexpress	1912	536	0.1406042467511398	0.9682835820895522	0.9497035434909418	0.981417648006442	0.3956043956043956	0.8967032967032966	0.4725274725274725	0.8913308913308914
setdb1b	overexpress	1912	523	0.1786972681802544	0.0038240917782026767	0.00046345123064515893	0.013745106728938014	0.4175824175824176	0.8967032967032966	0.32967032967032966	0.8913308913308914
mettl3	overexpress	1912	480	0.16100963229550114	0.027083333333333334	0.014497834757207131	0.04586806208899284	0.42857142857142855	0.8967032967032966	0.37362637362637363	0.8913308913308914
yy1a	overexpress	1912	406	0.11761784999703875	0.046798029556650245	0.028407228355521997	0.0721182840531075	0.46153846153846156	0.8967032967032966	0.5824175824175825	0.8913308913308914
daxx	overexpress	1912	380	0.13259976478088664	0.9605263157894737	0.9357291763088558	0.9777414203755673	0.4945054945054945	0.8967032967032966	0.5384615384615384	0.8913308913308914
mphosph8	overexpress	1912	336	0.10057039742460415	0.9047619047619048	0.868214950840013	0.9339424916850803	0.5494505494505495	0.8967032967032966	0.6923076923076923	0.8913308913308914
chaf1a	overexpress	1912	332	0.1389932244297974	0.018072289156626505	0.006660370627844264	0.0389188024483897	0.5604395604395604	0.8967032967032966	0.4725274725274725	0.8913308913308914
ezh2	overexpress	1912	320	0.11309661228250345	0.940625	0.908829207959744	0.9638774710743747	0.5714285714285714	0.8967032967032966	0.6373626373626373	0.8913308913308914
yy1b	overexpress	1912	231	0.1129625795610974	0.05627705627705628	0.030301996776177318	0.09431295328693336	0.6263736263736264	0.8967032967032966	0.6373626373626373	0.8913308913308914
atrx	overexpress	1912	203	0.08234457605252629	0.3793103448275862	0.3123083372119314	0.4498928519432937	0.6703296703296703	0.8967032967032966	0.8021978021978022	0.8913308913308914
smarcad1a	overexpress	1912	199	0.0879573875712214	0.8040201005025126	0.7419747821230078	0.8567712291956323	0.6703296703296703	0.8967032967032966	0.7582417582417582	0.8913308913308914
mov10a	overexpress	1912	157	0.080011063161771	0.7961783439490446	0.7246234898585576	0.8562124457432008	0.7362637362637363	0.8967032967032966	0.8351648351648352	0.8948194662480377
runx3	overexpress	1912	152	0.09281604743958649	0.9013157894736842	0.8424618100605675	0.9437080267000928	0.7472527472527473	0.8967032967032966	0.7252747252747253	0.8913308913308914
znf438	overexpress	1912	151	0.07393791627343024	0.24503311258278146	0.1787684349436937	0.32157876573162547	0.7472527472527473	0.8967032967032966	0.9120879120879121	0.9120879120879121
rb1	overexpress	1912	121	0.08808886510330849	0.04132231404958678	0.013551310034003687	0.09379907046586056	0.8461538461538461	0.9301412872841445	0.7582417582417582	0.8913308913308914
dnmt1	overexpress	1912	118	0.0885680774298816	0.5847457627118644	0.4904143757093873	0.6747191072560624	0.8681318681318682	0.9301412872841445	0.7472527472527473	0.8913308913308914
myca	overexpress	1912	117	0.08946545538030605	0.4700854700854701	0.37718206589514086	0.5645394831523393	0.8681318681318682	0.9301412872841445	0.7472527472527473	0.8913308913308914
setdb1a	overexpress	1912	69	0.0734624452342786	0.057971014492753624	0.016019158533116088	0.14182890779228538	0.978021978021978	0.978021978021978	0.9120879120879121	0.9120879120879121
uhrf1	overexpress	1912	73	0.0811965800437063	0.3013698630136986	0.19943960985738354	0.4200115045977676	0.978021978021978	0.978021978021978	0.8021978021978022	0.8913308913308914
