design	n_resp_te	n_resp_gene
1v7	2	48
1v7	2	50
1v7	7	58
1v7	6	61
1v7	45	138
1v7	6	83
1v7	2	56
1v7	5	65
1v7	5	49
1v7	2	54
1v7	4	52
1v7	7	65
1v7	23	108
1v7	7	73
1v7	4	78
1v7	6	62
1v7	5	50
1v7	1	54
1v7	2	42
1v7	7	50
1v7	37	79
1v7	7	77
1v7	3	55
1v7	7	51
1v7	6	44
1v7	1	59
1v7	5	54
1v7	2	57
1v7	32	107
1v7	6	64
1v7	5	55
1v7	4	66
1v7	5	63
1v7	2	69
1v7	5	61
1v7	6	78
1v7	43	159
1v7	7	78
1v7	6	68
1v7	5	76
1v7	3	44
1v7	1	45
1v7	6	44
1v7	1	57
1v7	41	135
1v7	8	57
1v7	3	51
1v7	5	71
1v7	6	54
1v7	4	51
1v7	7	45
1v7	9	62
1v7	34	118
1v7	12	78
1v7	7	78
1v7	8	71
1v7	4	48
1v7	4	45
1v7	3	35
1v7	9	57
1v7	51	144
1v7	7	77
1v7	7	54
1v7	10	75
1v7	8	62
1v7	3	74
1v7	9	58
1v7	7	62
1v7	31	149
1v7	11	88
1v7	8	60
1v7	3	64
1v7	12	67
1v7	8	71
1v7	7	62
1v7	6	60
1v7	20	124
1v7	13	74
1v7	7	79
1v7	5	58
1v7	11	64
1v7	10	71
1v7	10	54
1v7	9	41
1v7	35	97
1v7	9	67
1v7	5	56
1v7	8	58
1v7	9	63
1v7	5	55
1v7	7	65
1v7	7	54
1v7	29	140
1v7	10	60
1v7	4	60
1v7	5	51
1v7	9	61
1v7	8	70
1v7	8	65
1v7	4	64
1v7	33	160
1v7	9	64
1v7	13	61
1v7	3	50
1v7	7	60
1v7	11	57
1v7	7	68
1v7	6	56
1v7	41	191
1v7	15	78
1v7	8	66
1v7	4	73
1v7	10	62
1v7	5	69
1v7	8	60
1v7	7	71
1v7	30	177
1v7	8	71
1v7	11	70
1v7	6	63
1v7	8	63
1v7	5	63
1v7	6	44
1v7	5	62
1v7	45	214
1v7	5	73
1v7	6	53
1v7	6	64
1v7	2	47
1v7	3	57
1v7	2	58
1v7	3	51
1v7	39	153
1v7	8	69
1v7	4	65
1v7	6	74
1v7	5	57
1v7	4	61
1v7	3	71
1v7	6	59
1v7	27	134
1v7	11	74
1v7	0	79
1v7	6	60
1v7	7	48
1v7	7	47
1v7	9	45
1v7	11	38
1v7	40	89
1v7	6	53
1v7	7	60
1v7	8	55
1v7	4	37
1v7	4	38
1v7	6	50
1v7	6	35
1v7	33	119
1v7	10	54
1v7	8	40
1v7	10	41
1v7	7	63
1v7	7	55
1v7	14	54
1v7	9	74
1v7	49	162
1v7	6	65
1v7	10	72
1v7	9	67
1v7	7	33
1v7	5	43
1v7	7	41
1v7	5	51
1v7	47	149
1v7	8	58
1v7	6	57
1v7	6	62
1v7	4	44
1v7	8	54
1v7	6	56
1v7	5	74
1v7	37	175
1v7	8	78
1v7	4	75
1v7	2	65
1v7	2	36
1v7	5	26
1v7	6	37
1v7	7	50
1v7	62	149
1v7	6	54
1v7	4	39
1v7	6	52
1v7	4	61
1v7	4	53
1v7	8	55
1v7	9	57
1v7	47	115
1v7	7	75
1v7	5	61
1v7	6	67
1v7	7	68
1v7	4	74
1v7	9	55
1v7	9	70
1v7	27	122
1v7	9	74
1v7	4	65
1v7	10	57
1v7	4	64
1v7	9	70
1v7	10	48
1v7	12	63
1v7	55	110
1v7	5	93
1v7	3	56
1v7	9	62
1v7	5	60
1v7	5	68
1v7	4	59
1v7	9	72
1v7	35	145
1v7	8	74
1v7	6	56
1v7	9	47
1v7	6	68
1v7	8	66
1v7	9	65
1v7	9	85
1v7	56	152
1v7	3	75
1v7	6	60
1v7	7	64
1v7	5	57
1v7	4	57
1v7	13	52
1v7	8	66
1v7	61	172
1v7	7	84
1v7	2	61
1v7	5	74
1v7	5	61
1v7	12	82
1v7	8	50
1v7	11	78
1v7	36	150
1v7	6	79
1v7	8	68
1v7	6	62
1v7	6	82
1v7	4	77
1v7	13	62
1v7	11	84
1v7	76	208
1v7	6	102
1v7	1	60
1v7	7	71
1v7	3	52
1v7	2	61
1v7	4	50
1v7	3	35
1v7	41	141
1v7	6	56
1v7	4	49
1v7	5	39
1v7	3	52
1v7	3	49
1v7	5	51
1v7	4	49
1v7	20	114
1v7	6	63
1v7	6	59
1v7	4	53
1v7	7	55
1v7	4	55
1v7	4	47
1v7	8	37
1v7	46	97
1v7	8	72
1v7	3	48
1v7	5	48
1v7	2	40
1v7	3	64
1v7	5	48
1v7	5	33
1v7	34	138
1v7	8	58
1v7	4	45
1v7	5	50
1v7	6	58
1v7	2	65
1v7	6	64
1v7	6	56
1v7	53	175
1v7	9	66
1v7	8	61
1v7	6	49
1v7	4	37
1v7	5	46
1v7	5	36
1v7	7	42
1v7	54	173
1v7	10	55
1v7	7	43
1v7	4	46
1v7	8	50
1v7	7	67
1v7	4	49
1v7	6	65
1v7	41	181
1v7	6	69
1v7	9	68
1v7	8	52
1v7	4	54
1v7	8	56
1v7	5	42
1v7	7	55
1v7	57	191
1v7	7	73
1v7	4	48
1v7	7	57
1v7	9	57
1v7	6	55
1v7	5	46
1v7	4	49
1v7	20	146
1v7	8	74
1v7	5	45
1v7	4	59
1v7	5	67
1v7	4	67
1v7	8	52
1v7	6	49
1v7	20	121
1v7	10	67
1v7	7	44
1v7	3	41
1v7	7	54
1v7	7	59
1v7	11	43
1v7	8	46
1v7	26	96
1v7	8	89
1v7	4	38
1v7	8	47
1v7	8	70
1v7	4	65
1v7	4	48
1v7	9	45
1v7	22	132
1v7	8	67
1v7	5	40
1v7	4	51
1v7	9	62
1v7	6	64
1v7	4	49
1v7	5	64
1v7	26	148
1v7	2	70
1v7	10	46
1v7	5	55
1v7	5	59
1v7	11	59
1v7	11	50
1v7	5	67
1v7	33	218
1v7	6	77
1v7	10	48
1v7	3	80
1v7	11	62
1v7	7	64
1v7	5	52
1v7	6	59
1v7	29	186
1v7	10	83
1v7	12	40
1v7	6	53
1v7	6	83
1v7	5	81
1v7	9	68
1v7	4	74
1v7	40	241
1v7	7	109
1v7	9	47
1v7	7	96
1v7	15	52
1v7	2	64
1v7	6	52
1v7	4	61
1v7	10	118
1v7	18	83
1v7	9	64
1v7	8	62
1v7	15	66
1v7	8	76
1v7	8	64
1v7	8	67
1v7	6	115
1v7	23	93
1v7	9	82
1v7	13	59
1v7	10	61
1v7	6	70
1v7	6	60
1v7	9	54
1v7	9	78
1v7	12	86
1v7	7	65
1v7	10	61
1v7	13	64
1v7	5	76
1v7	6	67
1v7	10	64
1v7	10	120
1v7	14	75
1v7	10	60
1v7	11	60
1v7	17	78
1v7	9	73
1v7	3	62
1v7	7	75
1v7	12	149
1v7	18	79
1v7	10	73
1v7	8	71
1v7	9	47
1v7	10	50
1v7	5	45
1v7	2	49
1v7	9	108
1v7	14	54
1v7	7	55
1v7	7	53
1v7	17	52
1v7	9	56
1v7	7	51
1v7	8	66
1v7	12	100
1v7	13	65
1v7	12	63
1v7	9	46
1v7	10	46
1v7	5	44
1v7	4	30
1v7	6	49
1v7	11	104
1v7	12	61
1v7	3	36
1v7	6	46
1v7	7	46
1v7	7	51
1v7	7	49
1v7	6	54
1v7	32	131
1v7	7	88
1v7	5	54
1v7	10	63
1v7	5	49
1v7	3	60
1v7	7	60
1v7	8	54
1v7	19	122
1v7	8	92
1v7	5	81
1v7	9	69
1v7	4	53
1v7	4	58
1v7	7	57
1v7	10	43
1v7	26	98
1v7	6	81
1v7	2	56
1v7	7	58
1v7	4	46
1v7	7	56
1v7	3	55
1v7	8	48
1v7	19	110
1v7	11	62
1v7	6	46
1v7	12	52
1v7	5	56
1v7	5	55
1v7	4	61
1v7	5	67
1v7	42	134
1v7	7	77
1v7	6	66
1v7	11	59
1v7	2	46
1v7	4	36
1v7	7	41
1v7	4	50
1v7	37	122
1v7	7	57
1v7	5	53
1v7	5	54
1v7	6	51
1v7	6	55
1v7	5	36
1v7	9	55
1v7	31	124
1v7	8	88
1v7	3	58
1v7	7	57
1v7	2	37
1v7	5	43
1v7	6	46
1v7	9	53
1v7	44	130
1v7	5	60
1v7	2	40
1v7	8	64
4v4	0	10
4v4	1	5
4v4	0	8
4v4	0	7
4v4	0	3
4v4	1	8
4v4	0	5
4v4	0	8
4v4	0	8
4v4	1	3
4v4	1	12
4v4	1	9
4v4	0	8
4v4	1	5
4v4	1	6
4v4	1	13
4v4	1	20
4v4	2	10
4v4	1	18
4v4	0	4
4v4	0	10
4v4	2	10
4v4	2	2
4v4	2	13
4v4	1	9
4v4	1	11
4v4	1	9
4v4	1	6
4v4	0	10
4v4	3	11
4v4	1	6
4v4	1	12
4v4	1	19
4v4	0	12
4v4	2	14
4v4	0	11
4v4	0	10
4v4	0	7
4v4	3	9
4v4	3	24
4v4	3	5
4v4	1	15
4v4	1	6
4v4	0	4
4v4	0	13
4v4	0	7
4v4	1	6
4v4	1	8
4v4	0	30
4v4	0	7
4v4	0	15
4v4	0	4
4v4	0	4
4v4	0	6
4v4	1	16
4v4	1	9
4v4	1	4
4v4	1	6
4v4	3	8
4v4	0	7
4v4	0	7
4v4	0	9
4v4	1	16
4v4	2	12
4v4	0	5
4v4	1	5
4v4	3	10
4v4	1	12
4v4	0	9
4v4	0	4
4v4	2	4
4v4	1	4
4v4	1	7
4v4	1	9
4v4	1	6
4v4	0	15
4v4	0	15
4v4	0	5
4v4	1	19
4v4	0	6
4v4	4	13
4v4	3	5
4v4	1	20
4v4	0	4
4v4	0	17
4v4	1	10
4v4	1	5
4v4	1	5
4v4	0	7
4v4	3	11
4v4	0	14
4v4	1	4
4v4	0	9
4v4	1	7
4v4	0	34
4v4	0	15
4v4	1	6
4v4	2	12
4v4	1	12
4v4	3	15
4v4	0	11
4v4	0	4
4v4	1	19
4v4	2	13
4v4	1	18
4v4	2	9
4v4	0	11
4v4	0	6
4v4	1	8
4v4	2	18
4v4	0	5
4v4	0	8
4v4	0	8
4v4	1	3
4v4	0	7
4v4	0	7
4v4	0	8
4v4	1	9
4v4	1	12
4v4	1	9
4v4	1	7
4v4	0	10
4v4	1	15
4v4	0	9
4v4	1	9
4v4	1	17
4v4	1	4
4v4	0	12
4v4	1	8
4v4	0	6
4v4	0	12
4v4	1	8
4v4	1	11
4v4	0	8
4v4	2	7
4v4	1	9
4v4	0	6
4v4	1	9
4v4	0	7
4v4	0	8
4v4	1	12
4v4	0	9
4v4	1	11
4v4	1	15
4v4	1	7
4v4	0	3
4v4	2	4
4v4	1	7
4v4	0	8
4v4	0	19
4v4	1	13
4v4	0	10
4v4	0	13
4v4	0	7
4v4	2	7
4v4	0	9
4v4	1	8
4v4	0	7
4v4	1	9
4v4	0	5
4v4	0	10
4v4	3	11
4v4	1	4
4v4	3	8
4v4	1	6
4v4	0	20
4v4	1	17
4v4	0	13
4v4	0	10
4v4	2	12
4v4	0	5
4v4	1	13
4v4	1	60
4v4	0	7
4v4	0	1
4v4	0	3
4v4	2	13
4v4	1	4
4v4	1	6
4v4	0	13
4v4	1	9
4v4	1	10
4v4	2	14
4v4	0	9
4v4	1	5
4v4	1	22
4v4	0	9
4v4	0	12
4v4	1	5
4v4	0	22
4v4	0	12
4v4	0	10
4v4	1	12
4v4	0	9
4v4	1	16
4v4	0	15
4v4	0	5
4v4	0	7
4v4	1	5
4v4	0	10
4v4	2	12
4v4	3	7
4v4	0	6
4v4	0	22
4v4	0	6
4v4	0	35
4v4	0	11
4v4	0	7
4v4	1	3
4v4	1	10
4v4	0	7
4v4	0	15
4v4	1	8
4v4	1	10
4v4	0	11
4v4	0	9
4v4	3	27
4v4	1	12
4v4	0	21
4v4	2	9
4v4	0	9
4v4	1	5
4v4	1	11
4v4	0	14
4v4	1	4
4v4	1	10
4v4	0	8
4v4	0	11
4v4	0	21
4v4	1	13
4v4	1	9
4v4	2	8
4v4	2	10
4v4	0	8
4v4	0	12
4v4	1	7
4v4	1	11
4v4	0	4
4v4	0	10
4v4	1	12
4v4	0	8
4v4	1	20
4v4	1	6
4v4	0	6
4v4	0	9
4v4	0	10
4v4	0	15
4v4	1	8
4v4	1	5
4v4	1	9
4v4	1	9
4v4	0	23
4v4	0	17
4v4	0	8
4v4	0	4
4v4	1	12
4v4	0	14
4v4	1	2
4v4	1	10
4v4	1	18
4v4	0	1
4v4	4	9
4v4	1	6
4v4	1	12
4v4	0	8
4v4	0	4
4v4	1	4
4v4	1	8
4v4	2	15
4v4	0	5
4v4	0	14
4v4	1	11
4v4	2	7
4v4	0	5
4v4	0	9
4v4	3	13
4v4	0	7
4v4	0	11
4v4	2	10
4v4	1	7
4v4	1	9
4v4	2	10
4v4	1	12
4v4	0	3
4v4	1	8
4v4	2	21
4v4	2	7
4v4	0	7
4v4	1	16
4v4	0	10
4v4	0	8
4v4	0	9
4v4	1	5
4v4	1	9
4v4	2	6
4v4	2	11
4v4	1	8
4v4	0	14
4v4	1	14
4v4	1	11
4v4	0	5
4v4	1	11
4v4	0	7
4v4	1	3
4v4	1	4
4v4	0	10
4v4	0	12
4v4	1	8
4v4	2	9
4v4	0	8
4v4	1	11
4v4	0	3
4v4	0	4
4v4	0	11
4v4	2	12
4v4	0	8
4v4	0	7
4v4	3	10
4v4	1	7
4v4	1	9
4v4	1	15
4v4	0	7
4v4	0	8
4v4	0	7
4v4	0	18
4v4	0	12
4v4	1	5
4v4	2	18
4v4	0	9
4v4	1	2
4v4	1	12
4v4	4	11
4v4	0	12
4v4	0	6
4v4	0	9
4v4	0	10
4v4	1	7
4v4	2	11
4v4	1	10
4v4	1	32
4v4	0	12
4v4	1	9
4v4	1	15
4v4	0	13
4v4	0	19
4v4	1	11
4v4	2	10
4v4	3	12
4v4	3	6
4v4	0	4
4v4	1	9
4v4	0	10
4v4	1	15
4v4	1	8
4v4	1	5
4v4	0	7
4v4	0	9
4v4	0	12
4v4	0	14
4v4	0	7
4v4	0	16
4v4	0	5
4v4	3	13
4v4	1	14
4v4	1	8
4v4	3	10
4v4	1	15
4v4	1	11
4v4	1	11
4v4	0	13
4v4	1	8
4v4	0	7
4v4	1	5
4v4	0	10
4v4	0	6
4v4	0	12
4v4	0	8
4v4	1	10
4v4	1	11
4v4	1	7
4v4	3	14
4v4	1	16
4v4	0	6
4v4	1	6
4v4	1	14
4v4	1	13
4v4	0	12
4v4	0	4
4v4	1	10
4v4	1	13
4v4	0	7
4v4	1	9
4v4	3	7
4v4	0	5
4v4	0	9
4v4	0	7
4v4	2	10
4v4	3	4
4v4	1	11
4v4	1	14
4v4	2	8
4v4	0	10
4v4	1	10
4v4	0	6
4v4	1	16
4v4	1	10
4v4	0	7
4v4	0	7
4v4	0	12
4v4	1	14
4v4	2	10
4v4	2	12
4v4	0	41
4v4	0	4
4v4	1	8
4v4	0	30
4v4	0	14
4v4	1	13
4v4	1	7
4v4	0	7
4v4	0	5
4v4	2	7
4v4	1	11
4v4	0	5
4v4	1	10
4v4	2	17
4v4	0	5
4v4	1	15
4v4	1	11
4v4	0	11
4v4	0	30
4v4	0	14
4v4	0	8
4v4	0	6
4v4	2	4
4v4	1	9
4v4	1	13
4v4	1	11
4v4	1	6
4v4	0	12
4v4	0	9
4v4	1	9
4v4	0	10
4v4	1	6
4v4	2	14
4v4	2	12
4v4	0	6
4v4	1	9
4v4	1	5
4v4	0	11
4v4	0	8
4v4	1	7
4v4	0	6
4v4	1	6
4v4	1	3
4v4	0	20
4v4	1	12
4v4	0	12
4v4	1	6
4v4	2	6
4v4	0	4
4v4	2	15
4v4	1	3
4v4	2	12
4v4	0	9
4v4	0	9
4v4	1	11
4v4	0	13
4v4	0	28
4v4	1	10
4v4	1	8
4v4	0	4
4v4	1	13
4v4	0	13
4v4	1	8
4v4	0	9
4v4	1	6
4v4	0	8
4v4	2	11
4v4	1	8
4v4	2	11
4v4	0	8
4v4	1	12
4v4	0	8
4v4	0	10
4v4	1	8
4v4	1	13
4v4	2	6
4v4	1	6
4v4	0	6
4v4	0	7
4v4	0	6
4v4	1	11
4v4	1	8
4v4	1	23
4v4	0	5
4v4	0	3
4v4	0	10
4v4	1	13
4v4	1	13
