measure	tissue	group	pct	ci95_low	ci95_high	relative_change_pct	rel_ci95_low	rel_ci95_high	fdr
te_frac_strict	brain	control	2.8049213718438994	2.5688985967318994	3.0619477262891173	0.0			
te_frac_strict	brain	developmental	2.994196622953795	2.709333976265398	3.307991711512423	6.747969943466536	-3.40784581478889	17.93527421903507	0.291554381473534
te_frac_strict	brain	intergenerational	2.5934074753323713	2.21259678654471	3.0377235880092583	-7.540813750956699	-21.117332957886347	8.29977690291972	0.38798817489214904
te_frac_strict	gill	control	2.871638345716997	2.724111346242553	3.02690621257024	0.0			
te_frac_strict	gill	developmental	2.5453167316075223	2.3768443138412447	2.725397218703596	-11.363604145911289	-17.230374173465467	-5.092602528849676	0.005562143879139066
te_frac_strict	gill	intergenerational	2.6034107803564703	2.336261417608512	2.9002012738307155	-9.340576112607767	-18.643605623493333	0.9946561744559324	0.22177976296152122
te_frac_strict	liver	control	2.1290487247679417	1.9156975854883047	2.365587705992047	0.0			
te_frac_strict	liver	developmental	2.1095100734044805	1.8798789521656805	2.366514590141729	-0.9177174357806628	-11.703338195297519	11.153613471183954	0.8723566957683127
te_frac_strict	liver	intergenerational	2.4310332783164204	2.0269278273055304	2.913308913317473	14.18401326542651	-4.796550509831199	36.83617849727759	0.291554381473534
te_frac_all	brain	control	3.610844876457216	3.378754892356872	3.85824073992791	0.0			
te_frac_all	brain	developmental	3.806649655843075	3.497601889487569	4.1418328323332405	5.422685994142551	-3.136190859596144	14.705366030484356	0.3222697488373136
te_frac_all	brain	intergenerational	3.3869770323990176	2.960599039232462	3.872310534722129	-6.199874315228026	-18.008135477222254	7.241121322316402	0.3409226530219018
te_frac_all	gill	control	3.4909283160021007	3.3227932242610625	3.6672484093685926	0.0			
te_frac_all	gill	developmental	3.0552959994236173	2.8733896595495545	3.2483331814761156	-12.478982011219886	-17.68981200850801	-6.949301519998308	0.00044180175482396887
te_frac_all	gill	intergenerational	3.1486958690200333	2.8575625943893956	3.4684312512559816	-9.80347964790067	-18.143188982409452	-0.644443618134316	0.11126722487302705
te_frac_all	liver	control	2.6113561349208534	2.458707598914995	2.7732123882905446	0.0			
te_frac_all	liver	developmental	2.4698000715676045	2.2701713403647332	2.6865007065275677	-5.420787362560919	-13.065425661155983	2.8776071789607505	0.3222697488373136
te_frac_all	liver	intergenerational	2.79406821931971	2.446297252192085	3.1896625576471926	6.9968275087225695	-6.320810881422389	22.14582741100792	0.3409226530219018
