study_id	target	te_class	n	median_lfc	frac_up_sig	p_wilcoxon	fdr
ZF_atrx_MPNST_2019	ATRX	DNA	404	-0.0034691905564349		3.566074530257276e-13	9.093490052156054e-13
ZF_atrx_MPNST_2019	ATRX	LINE	79	-2.93476292387583e-05		0.6250491792593164	0.6250491792593164
ZF_atrx_MPNST_2019	ATRX	LTR	398	0.00155949506295145	0.6	1.1652210058281504e-05	1.606115440465829e-05
ZF_atrx_MPNST_2019	ATRX	RC	6	0.0022014745299913			
ZF_atrx_MPNST_2019	ATRX	SINE	8	0.0017103812784489498			
ZF_dnmt1_EC_2022	DNMT1	DNA	407	8.15099619736908e-07		1.696311576908973e-29	6.654760801719818e-29
ZF_dnmt1_EC_2022	DNMT1	LINE	79	6.66592672642039e-07		0.006583468821916451	0.008189192924822902
ZF_dnmt1_EC_2022	DNMT1	LTR	399	1.40313608075179e-07		0.009195672938657862	0.011166174282655976
ZF_dnmt1_EC_2022	DNMT1	RC	6	1.3378074650807345e-07			
ZF_dnmt1_EC_2022	DNMT1	SINE	8	6.96096507592864e-07			
ZF_dnmt1_HE_2022	DNMT1	DNA	407	1.44330918129713e-07		0.06468535406843412	0.07497620585204863
ZF_dnmt1_HE_2022	DNMT1	LINE	79	2.74173391127249e-08		0.503158388851392	0.5132215566284198
ZF_dnmt1_HE_2022	DNMT1	LTR	399	-3.33781995944467e-08		0.3422923723299116	0.36368564560053107
ZF_dnmt1_HE_2022	DNMT1	RC	6	-2.4506637400294454e-07			
ZF_dnmt1_HE_2022	DNMT1	SINE	8	3.07900021923208e-07			
ZF_dnmt1_HSC_2022	DNMT1	DNA	406	-7.229391965978115e-07		2.0544830261609154e-21	6.985242288947112e-21
ZF_dnmt1_HSC_2022	DNMT1	LINE	79	-4.45482788788169e-07		4.7818349548191514e-05	6.417725860415177e-05
ZF_dnmt1_HSC_2022	DNMT1	LTR	387	-2.0046026256917e-07		2.2617371796930958e-10	3.9097267190574033e-10
ZF_dnmt1_HSC_2022	DNMT1	RC	6	-2.4377787909712547e-06			
ZF_dnmt1_HSC_2022	DNMT1	SINE	8	-1.09549236394311e-06			
ZF_dnmt1_larva_2023	DNMT1	DNA	408	0.059094892494506196	1.0	3.125831229916851e-62	5.3139130908586465e-61
ZF_dnmt1_larva_2023	DNMT1	LINE	79	0.0195011997787994	1.0	3.3882493041908725e-10	5.574216597217242e-10
ZF_dnmt1_larva_2023	DNMT1	LTR	460	0.00457067754578925	0.75	7.212275508388663e-13	1.7515526234658183e-12
ZF_dnmt1_larva_2023	DNMT1	RC	6	0.08298454805380864	1.0		
ZF_dnmt1_larva_2023	DNMT1	SINE	8	0.0147782606578301			
ZF_dnmt1_liver_2020	DNMT1	DNA	408	-0.1931828883471805	0.22857142857142856	1.3793679984981064e-48	7.816418658155936e-48
ZF_dnmt1_liver_2020	DNMT1	LINE	79	-0.0248915256622462	0.7	0.4938553622349575	0.5132215566284198
ZF_dnmt1_liver_2020	DNMT1	LTR	469	0.142184414942344	0.8909090909090909	6.40825483001184e-16	1.8156722018366877e-15
ZF_dnmt1_liver_2020	DNMT1	RC	6	-0.160012559785218			
ZF_dnmt1_liver_2020	DNMT1	SINE	8	-0.189781736351547	0.0		
ZF_dnmt3ba_MO_2025	DNMT3B	DNA	406	-0.09319135270754045	1.0	4.823911338817243e-27	1.7572819877119955e-26
ZF_dnmt3ba_MO_2025	DNMT3B	LINE	79	-0.0906179700860151		6.312217254343336e-06	8.942307776986392e-06
ZF_dnmt3ba_MO_2025	DNMT3B	LTR	430	-0.0079091967577333	0.8	0.1461241786721778	0.16560740249513486
ZF_dnmt3ba_MO_2025	DNMT3B	RC	6	-0.0097623621414775			
ZF_dnmt3ba_MO_2025	DNMT3B	SINE	8	0.001275891051342599			
ZF_dnmt3bb1_MO_2017	DNMT3B	DNA	403	5.25329351883661e-08		0.0005407125774562701	0.0007070856782120456
ZF_dnmt3bb1_MO_2017	DNMT3B	LINE	77	3.0842344376953e-08		0.26289215585319714	0.2852659563513416
ZF_dnmt3bb1_MO_2017	DNMT3B	LTR	324	2.1875977540213e-08		0.031322397580812414	0.037149820386544956
ZF_dnmt3bb1_MO_2017	DNMT3B	RC	6	-1.575089015194823e-07			
ZF_dnmt3bb1_MO_2017	DNMT3B	SINE	7	2.05627383787354e-07			
ZF_ezh2_MZ_24hpf_2019	EZH2	DNA	408	0.00525570709016125		1.1950294000185626e-29	5.07887495007889e-29
ZF_ezh2_MZ_24hpf_2019	EZH2	LINE	79	0.0066909727156797		2.5290461313158716e-08	3.793569196973808e-08
ZF_ezh2_MZ_24hpf_2019	EZH2	LTR	473	0.0036633209955514	0.0	1.6122252852073125e-08	2.491620895320392e-08
ZF_ezh2_MZ_24hpf_2019	EZH2	RC	6	0.00169263493948675			
ZF_ezh2_MZ_24hpf_2019	EZH2	SINE	8	0.0012529749433902			
ZF_hUHRF1_OE_liver_2023	UHRF1	DNA	407	-0.269744088818661	0.0	3.2924052004870653e-63	8.395633261242017e-62
ZF_hUHRF1_OE_liver_2023	UHRF1	LINE	79	-0.210940105436562	0.058823529411764705	1.7025320837425847e-11	3.325694007099787e-11
ZF_hUHRF1_OE_liver_2023	UHRF1	LTR	412	-0.1427646471480445	0.3225806451612903	2.2143800017902134e-10	3.9097267190574033e-10
ZF_hUHRF1_OE_liver_2023	UHRF1	RC	6	-0.2018260985894775			
ZF_hUHRF1_OE_liver_2023	UHRF1	SINE	8	-0.27116518749526397	0.3333333333333333		
ZF_kdm1a_23095_2022	KDM1A	DNA	408	-0.0427701889865043	0.0	1.2960588820786371e-50	8.262375373251312e-50
ZF_kdm1a_23095_2022	KDM1A	LINE	79	-0.0502262587380367	0.0	2.5911720013721796e-12	5.745642263912224e-12
ZF_kdm1a_23095_2022	KDM1A	LTR	480	-0.02423104740748585	0.625	7.619960659798966e-12	1.554471974598989e-11
ZF_kdm1a_23095_2022	KDM1A	RC	6	-0.01632713474275555			
ZF_kdm1a_23095_2022	KDM1A	SINE	8	-0.006836564357915			
ZF_kdm1a_36433_2022	KDM1A	DNA	408	0.01465109908536385		2.207400110155682e-60	2.2515481123587957e-59
ZF_kdm1a_36433_2022	KDM1A	LINE	79	0.0143091580775695		1.7606615331704756e-11	3.325694007099787e-11
ZF_kdm1a_36433_2022	KDM1A	LTR	477	0.0082776719348212	0.75	1.3258594961630937e-37	6.14716675493798e-37
ZF_kdm1a_36433_2022	KDM1A	RC	6	0.0191962815123025			
ZF_kdm1a_36433_2022	KDM1A	SINE	8	0.0212457226512228			
ZF_mettl3_MO_EC_2017	METTL3	DNA	388	-0.358593998989081	0.20346320346320346	1.0067115826162846e-20	3.2088931695894076e-20
ZF_mettl3_MO_EC_2017	METTL3	LINE	69	-0.33321003380335	0.2926829268292683	0.001748191533639017	0.0022289442053897465
ZF_mettl3_MO_EC_2017	METTL3	LTR	227	-0.614721888114329	0.2777777777777778	2.299839246504355e-10	3.9097267190574033e-10
ZF_mettl3_MO_EC_2017	METTL3	RC	6	0.13023180623515598	0.25		
ZF_mettl3_MO_EC_2017	METTL3	SINE	6	-0.22229570060571602	0.2		
ZF_uhrf1_larva_2017	UHRF1	DNA	408	-0.121887638469812		4.522607976540373e-61	5.766325170088975e-60
ZF_uhrf1_larva_2017	UHRF1	LINE	79	-0.0770066339560509		7.21487819012175e-07	1.0513108219891693e-06
ZF_uhrf1_larva_2017	UHRF1	LTR	493	0.0570889554069246	1.0	3.349269743713707e-16	1.0047809231141122e-15
ZF_uhrf1_larva_2017	UHRF1	RC	6	-0.0239085867291497			
ZF_uhrf1_larva_2017	UHRF1	SINE	8	-0.05670111269349135			
ZF_uhrf1_larva_2020	UHRF1	DNA	408	0.579482845541795	0.9421052631578948	2.875553923035264e-51	2.095046429639978e-50
ZF_uhrf1_larva_2020	UHRF1	LINE	79	0.763365993617164	0.9782608695652174	1.377939520817579e-12	3.1943143437134783e-12
ZF_uhrf1_larva_2020	UHRF1	LTR	488	0.9806218738026565	0.9315068493150684	6.078491427822316e-59	5.1667177136489686e-58
ZF_uhrf1_larva_2020	UHRF1	RC	6	0.687517582695125	1.0		
ZF_uhrf1_larva_2020	UHRF1	SINE	8	0.705244308450591	1.0		
ZF_uhrf1_liver_2020	UHRF1	DNA	407	-0.086484713133808		5.6971526775457846e-39	2.9055478655483503e-38
ZF_uhrf1_liver_2020	UHRF1	LINE	79	-0.0251637771490759		0.2528002356017759	0.2802785220802298
ZF_uhrf1_liver_2020	UHRF1	LTR	405	0.063362312828965	0.88	1.3437193909764536e-09	2.141552779368723e-09
ZF_uhrf1_liver_2020	UHRF1	RC	6	-0.028240480146868148			
ZF_uhrf1_liver_2020	UHRF1	SINE	8	-0.11512642740870149			
ZF_uhrf1_liver_2023	UHRF1	DNA	397	-0.561509545223642	0.0	7.933212928375797e-66	4.0459385934716567e-64
ZF_uhrf1_liver_2023	UHRF1	LINE	76	-0.46179595302144	0.0	3.986687676618622e-12	8.47171131281457e-12
ZF_uhrf1_liver_2023	UHRF1	LTR	239	-0.236596616140186	0.13725490196078433	7.679833213701979e-16	2.061428915256847e-15
ZF_uhrf1_liver_2023	UHRF1	RC	6	-0.6142722649383365	0.0		
ZF_uhrf1_liver_2023	UHRF1	SINE	7	-0.668939059265386	0.0		
