prediction	design	n_studies	n_agree	frac_agree	ci95_low	ci95_high	p_binom	n_gse	fdr_bh	rho	p_spearman
silencer loss -> TE up (all KO/KD)	primary	8	6.0	0.75	0.3491442055871758	0.9681459737500557	0.2890625	8.0	0.4625		
DNA-methylation loss -> TE up	primary	7	6.0	0.8571428571428571	0.42127680295680187	0.9963897031380992	0.125	7.0	0.3333333333333333		
DNA-methylation loss -> TE up, no QC flag	primary	5	5.0	1.0	0.47817624989501856	1.0	0.0625	5.0	0.3333333333333333		
silencer loss -> TE up (all KO/KD)	planned	7	5.0	0.7142857142857143	0.29042086373734255	0.9633074338239144	0.453125	7.0	0.6041666666666666		
DNA-methylation loss -> TE up	planned	6	5.0	0.8333333333333334	0.3587654210025136	0.9957892554855104	0.21875	6.0	0.4375		
DNA-methylation loss -> TE up, no QC flag	planned	4	4.0	1.0	0.3976353643835142	1.0	0.125	4.0	0.3333333333333333		
fish bulk ISP (plain)	primary	9	4.0	0.4444444444444444	0.136995662265164	0.7879914932214042	1.0	9.0	1.0		
fish bulk ISP (rmTEpc1)	primary	4	3.0	0.75	0.19412044968324338	0.9936905367902901	0.625	4.0	0.7142857142857143		
Spearman fish (plain) vs TE-share change	primary	17								-0.17753551065355125	0.49543609677631184
Spearman fish (rmTEpc1) vs TE-share change	primary	17								-0.11203454482551056	0.6685802707445233
