study_id	gse	target	perturbation	sample_type	n_control	n_perturbed	n_te_tested	n_sig_up	n_sig_down	frac_up_sig	frac_up_ci95_low	frac_up_ci95_high	p_binom_up_vs_down	median_lfc	median_lfc_ci95_low	median_lfc_ci95_high	p_wilcoxon_median	te_share_control_pct	te_share_perturbed_pct	te_share_rel_change_pct	te_share_rel_ci95_low	te_share_rel_ci95_high	te_share_logit_diff	p_te_share	fdr_te_share	fdr_binom	observed_direction	expected_direction	fish_plain_pred_frac_up	fish_plain_p_emp_vs_random	fish_plain_pred_direction	fish_rmTEpc1_pred_frac_up	fish_rmTEpc1_p_emp_vs_random	fish_rmTEpc1_pred_direction
ZF_atrx_MPNST_2019	GSE125040	ATRX	KO	MPNST tumours (tp53 mutant background)	3	3	899	3	0	1.0	0.2924017738212867	1.0	0.25	-0.0006925102117861	-0.0012932613938535	8.79573337883062e-05	0.04731115840797176	6.993503809508398	6.121964931402874	-12.46212058854641	-34.179162076134006	15.81193116359907	-0.1424256770368384	0.21672279967862154	0.614047932422761	0.32499999999999996	0.0	1	0.6206896551724138	0.6703296703296703	1.0	0.6148648648648649	0.0549450549450549	1.0
ZF_dnmt1_EC_2022	GSE189072	DNMT1	KO	sorted EC	3	3	903	0	0					4.88887826205987e-07	3.78245461223321e-07	5.85164985703032e-07	4.890295572435897e-27	15.340562196202429	16.336140530247068	6.489842557993697	-37.76127123773213	72.97332900546778	0.07470891625936327	0.7527921225618864	0.7998416302220044		0.0	1	0.4152542372881356	0.8681318681318682	-1.0	0.609375	0.5824175824175825	1.0
ZF_dnmt1_HE_2022	GSE189072	DNMT1	KO	sorted HE	3	3	903	0	0					7.82924945959534e-08	-5.60936762977823e-08	1.89591498056432e-07	0.3805178281724092	10.879874744996187	12.552846854407083	15.376758911496836	-46.81137717216143	130.88826271063132	0.16198328667791473	0.5672279781980513	0.7998416302220044		0.0	1	0.4152542372881356	0.8681318681318682	-1.0	0.609375	0.5824175824175825	1.0
ZF_dnmt1_HSC_2022	GSE189072	DNMT1	KO	sorted HSC	2	2	890	0	0					-4.10343787130705e-07	-4.75182793030375e-07	-3.3354494832247376e-07	6.323239065920878e-36	9.690896641037023	7.464179110409081	-22.977414919468806	-99.32772169890018	837.9201202405117	-0.2854290490904634	0.6269889326087733	0.7998416302220044		0.0	1	0.4152542372881356	0.8681318681318682	-1.0	0.609375	0.5824175824175825	1.0
ZF_dnmt1_larva_2023	GSE181571	DNMT1	KO	larvae (hypomorph, pole1 WT)	4	4	965	29	1	0.9666666666666667	0.827830544366587	0.9991564290733507	5.774199962615967e-08	0.0153544838053422	0.0124339571877925	0.0185353178063141	9.176696128729376e-88	8.020807671550658	9.194786071109299	14.636660641080756	-0.4997803349948038	31.81117373381499	0.14944314305992323	0.05594173815377137	0.38638910404180304	1.2510766585667926e-07	0.0	1	0.4152542372881356	0.8681318681318682	-1.0	0.609375	0.5824175824175825	1.0
ZF_dnmt1_liver_2020	GSE160726	DNMT1	KO	larval liver 5 dpf	3	3	974	112	26	0.8115942028985508	0.736257122781119	0.8730809230173384	6.450507784326394e-14	-0.1011246193698915	-0.118634751611022	-0.08396136608273425	0.021815900663942223	11.867698646624254	13.770188102238778	16.030820399671054	-14.874138567815809	55.84741860858864	0.1705088093054885	0.2157565934438848	0.614047932422761	2.0964150299060778e-13	0.0	1	0.4152542372881356	0.8681318681318682	-1.0	0.609375	0.5824175824175825	1.0
ZF_dnmt3ba_MO_2025	GSE263295	DNMT3B	KD	embryos (morpholino)	3	3	933	16	2	0.8888888888888888	0.6528795613909626	0.9862487843356355	0.001312255859375	-0.0589986541425928	-0.0672391329085995	-0.0475232700102034	9.734410910525569e-23	3.8028022331723332	3.452470027848532	-9.212475007714271	-31.558571035329308	20.08752254967865	-0.10028349742721776	0.388069962800806	0.733021040845967	0.001895480685763889	0.0	1	0.0101476014760147	0.1538461538461538	-1.0	0.6197183098591549	0.4725274725274725	1.0
ZF_dnmt3bb1_MO_2017	GSE74929	DNMT3B	KD	sorted HSC 48 hpf (morpholino)	2	2	821	0	0					3.30506046257035e-08	1.52267848735356e-08	5.13867556096324e-08	2.8353899016433927e-05	4.394816836764254	4.804201981852405	9.315181048354383	-84.92362277124485	528.7577427332092	0.09335632636513891	0.8090476229869072	0.8090476229869072		0.0	1	0.0101476014760147	0.1538461538461538	-1.0	0.6197183098591549	0.4725274725274725	1.0
ZF_ezh2_MZ_24hpf_2019	GSE119070	EZH2	KO	embryos 24 hpf (maternal-zygotic)	6	7	978	0	2	0.0	0.0	0.841886116991607	0.5	0.0047195647781844	0.0039617450366769	0.00522933346869955	1.1691184700714268e-36	13.247831872155889	14.23590022868337	7.4583400971761415	-24.00360942815568	49.08480857204489	0.08338796248286617	0.632877626483155	0.7998416302220044	0.5909090909090909	0.0	1	0.059375	0.5714285714285714	-1.0	0.4754098360655737	0.6483516483516484	-1.0
ZF_hUHRF1_OE_liver_2023	GSE227735	UHRF1	OE	larval liver 5 dpf (hUHRF1-high)	6	5	916	29	102	0.22137404580152673	0.15354877963579402	0.30221132834480574	1.0126095955879041e-10	-0.23076300397477	-0.245499465102229	-0.21868201679151472	1.0366062474929527e-70	10.760381243638571	13.98014355928443	29.92238139842256	16.61292700104746	44.4808432579668	0.29851395897734734	0.0006195498107068725	0.010532346782016831	2.632784948528551e-10	1.0	0	0.3013698630136986	0.978021978021978	-1.0	0.5	0.8241758241758241	0.0
ZF_kdm1a_23095_2022	GSE198476	KDM1A	KO	tail 24 hpf	2	3	985	5	5	0.5	0.1870860284474045	0.8129139715525955	1.0	-0.0363880049475568	-0.0390690801812199	-0.032249767537404	2.5551841990490097e-61	15.782271424483882	14.05519365934774	-10.943150822110647	-71.33947261425142	128.62724010144794	-0.1361951166103934	0.722374847374119	0.7998416302220044	1.0	0.0	1	0.0049261083743842	0.1648351648351648	-1.0	0.5	0.8901098901098901	0.0
ZF_kdm1a_36433_2022	GSE198476	KDM1A	KO	tail 24 hpf	3	3	982	3	1	0.75	0.19412044968324338	0.9936905367902901	0.625	0.0127430001786999	0.01159206898695695	0.013480923746562781	1.8804245037281505e-109	13.800343630216	15.44663021010585	11.929315848956733	-30.48185244506365	73.36709135052537	0.13198063867749976	0.5025665321511747	0.7998416302220044	0.6770833333333333	0.0	1	0.0049261083743842	0.1648351648351648	-1.0	0.5	0.8901098901098901	0.0
ZF_mettl3_MO_EC_2017	GSE89655	METTL3	KD	endothelial cells (morpholino)	2	2	700	88	280	0.2391304347826087	0.19644253604488177	0.2860715708140289	1.9260801120908775e-24	-0.40711169318302	-0.469266016763816	-0.334116776385332	6.851607492917348e-30	5.910987384230201	4.936990606503362	-16.477733996275212	-76.9412403545973	176.28058848013129	-0.19035558254424156	0.319023779688429	0.713143050595487	8.346347152393802e-24	0.0	1	0.9729166666666668	0.4285714285714285	1.0	0.5217391304347826	0.7582417582417582	1.0
ZF_uhrf1_larva_2017	GSE91024	UHRF1	KO	whole larvae 5 dpf	2	2	998	24	0	1.0	0.8575264022774186	1.0	1.1920928955078125e-07	-0.05099507574656975	-0.0617024182565793	-0.040318429069388304	4.426271450791856e-09	39.53312019850054	35.82971597342373	-9.367852085748785	-84.16559544338674	108.32859436222262	-0.1578056664593721	0.6601743055097865	0.7998416302220044	2.2138868059430804e-07	0.0	1	0.6986301369863014	0.978021978021978	1.0	0.5	0.8241758241758241	0.0
ZF_uhrf1_larva_2020	GSE160708	UHRF1	KO	whole larvae 5 dpf	2	2	993	502	32	0.9400749063670412	0.9164537280172265	0.9586538949566122	1.0692463041425302e-109	0.720071373249646	0.684755577765332	0.762629195855473	9.788310961098532e-120	5.758971689808915	27.33404587645969	374.63414214780835	-79.33926076344702	1500.2366457879177	1.817356757232926	0.09466106021806271	0.4023095059267665	1.3900201953852892e-108	0.0	1	0.6986301369863014	0.978021978021978	1.0	0.5	0.8241758241758241	0.0
ZF_uhrf1_liver_2020	GSE160710	UHRF1	KO	larval liver 5 dpf	5	5	909	22	3	0.88	0.6878096927142153	0.9745346033522668	0.00015652179718017578	-0.0448820806819393	-0.0542690093796844	-0.0313612306792924	6.342178778549324e-05	10.048588593602194	11.209885793416206	11.556819039774346	-14.05321569118836	43.59282636213797	0.1223581969025207	0.3355967296919939	0.713143050595487	0.00025434792041778564	0.0	1	0.6986301369863014	0.978021978021978	1.0	0.5	0.8241758241758241	0.0
ZF_uhrf1_liver_2023	GSE234993	UHRF1	KO	larval liver 5 dpf (DMSO arm)	4	5	729	8	266	0.029197080291970802	0.012687782607942628	0.05671711864767732	4.826840609296818e-68	-0.506208083200283	-0.536794754899376	-0.4825471311624	1.6371660582175287e-95	3.7977703475757476	3.154955011058633	-16.926124480577055	-32.44644282454917	2.0181710701125732	-0.19209959974345248	0.06818631247796525	0.38638910404180304	3.137446396042932e-67	0.0	1	0.6986301369863014	0.978021978021978	1.0	0.5	0.8241758241758241	0.0
