study_id	n_perturbed	n_control	unique_pct_perturbed	unique_pct_control	unique_pct_diff	unique_pct_diff_ci95_low	unique_pct_diff_ci95_high	unique_pct_p_welch	unique_pct_p_mannwhitney	r_genotype_unique	dup_pct_perturbed	dup_pct_control	dup_pct_diff	dup_pct_diff_ci95_low	dup_pct_diff_ci95_high	dup_pct_p_welch	dup_pct_p_mannwhitney	too_short_pct_perturbed	too_short_pct_control	too_short_pct_diff	too_short_pct_diff_ci95_low	too_short_pct_diff_ci95_high	too_short_pct_p_welch	too_short_pct_p_mannwhitney	unique_pct_fdr_welch	dup_pct_fdr_welch	flag_mapping_gap
ZF_atrx_MPNST_2019	3	3	92.54666666666667	92.52666666666666	0.020000000000010232	-1.2034735023145748	1.2434735023145953	0.9534394241112097	0.8247780950825133	0.032647290405477425	13.233200000000002	9.44583	3.787370000000001	-4.069976253831916	11.644716253831918	0.19350006414218623	0.1	4.216666666666666	4.326666666666666	-0.11000000000000032	-1.2091730845425723	0.9891730845425717	0.7478461606989922	1.0	0.9967317948480404	0.6858519496960201	False
ZF_dnmt1_EC_2022	3	3	65.08333333333333	65.61	-0.5266666666666708	-16.868027162016343	15.814693828683001	0.9293735770216691	1.0	-0.04756767571378875	9.280166666666664	13.123533333333333	-3.843366666666668	-8.729274929696318	1.042541596362982	0.08401654629756718	0.1	29.753333333333334	28.150000000000002	1.6033333333333317	-14.034088357046464	17.240755023713128	0.7656078497544175	0.7	0.9967317948480404	0.5952248025016533	False
ZF_dnmt1_HE_2022	3	3	65.03666666666666	66.81333333333333	-1.7766666666666708	-17.156275841273523	13.602942507940181	0.7459669255626119	0.7	-0.17371813716830728	11.6178	12.702066666666667	-1.0842666666666663	-5.446614441924683	3.2780811085913504	0.5199750372415048	0.7	29.5	27.573333333333334	1.9266666666666659	-10.090183319941069	13.9435166532744	0.6456399255155724	0.7	0.9967317948480404	0.799460728003901	False
ZF_dnmt1_HSC_2022	2	2	60.14	62.915	-2.7749999999999986	-65.62130331064319	60.07130331064318	0.8514759728968776	1.0	-0.15078491848338868	14.27455	13.6556	0.6189499999999999	-10.833146107536896	12.071046107536896	0.8334850391417956	0.6666666666666666	29.355	29.490000000000002	-0.13500000000000156	-33.191085765262315	32.921085765262305	0.98757574294978	0.6666666666666666	0.9967317948480404	0.8855778540881578	False
ZF_dnmt1_larva_2023	4	4	91.87500000000001	91.99	-0.11499999999998067	-0.7468859613044974	0.516885961304536	0.6449850049391822	0.8857142857142857	-0.19828323004288	79.99887500000001	75.45802499999999	4.54085000000002	-5.247028842571172	14.328728842571213	0.26481822055609694	0.34285714285714286	3.13	2.9625	0.16749999999999998	-0.1443682913600497	0.47936829136004966	0.21252451032084563	0.34285714285714286	0.9967317948480404	0.7503182915756079	False
ZF_dnmt1_liver_2020	3	3	86.24	86.23333333333333	0.006666666666660603	-5.616567583025697	5.629900916359018	0.9967317948480404	0.7	0.0022794957437809737	21.3052	24.192466666666665	-2.8872666666666653	-8.853394331124182	3.0788609977908514	0.20172116167530005	0.4	6.963333333333334	8.626666666666667	-1.663333333333333	-6.465195401661791	3.138528734995125	0.30830147862336627	0.7	0.9967317948480404	0.6858519496960201	False
ZF_dnmt3ba_MO_2025	3	3	96.03333333333335	95.33333333333333	0.700000000000017	-0.17909516371027734	1.5790951637103114	0.07667031960255277	0.1	0.8542798927571281	16.023166666666665	14.583733333333333	1.4394333333333318	-3.160081638776364	6.038948305443028	0.4100410599497116	0.7	1.7266666666666666	1.99	-0.2633333333333334	-0.41226188672731173	-0.1144047799393551	0.014818912744210377	0.07652250047505924	0.3258488583108493	0.774522002127233	False
ZF_dnmt3bb1_MO_2017	2	2	95.495	94.75	0.7450000000000045	-13.368643489434811	14.85864348943482	0.7491745230921482	1.0	0.2673451192113343	38.16205	39.07415	-0.9121000000000024	-110.0824333583416	108.25823335834161	0.9744893403023679	1.0	0.77	1.135	-0.365	-5.521377531485262	4.791377531485262	0.7401832900917894	0.6666666666666666	0.9967317948480404	0.9744893403023679	False
ZF_ezh2_MZ_24hpf_2019	7	6	74.19571428571429	73.55333333333333	0.6423809523809609	-9.16454406618146	10.449305970943382	0.8873407257155553	0.8356643356643356	0.04399347899759866	33.40864285714286	41.64690000000001	-8.238257142857151	-29.11988407937877	12.64336979366447	0.40096697910398943	0.2948717948717949	10.795714285714286	9.703333333333333	1.0923809523809531	-5.964099382795879	8.148861287557786	0.7394086926540313	0.8356643356643356	0.9967317948480404	0.774522002127233	False
ZF_hUHRF1_OE_liver_2023	5	6	79.506	86.18666666666667	-6.680666666666667	-13.590678309134843	0.22934497580150826	0.05529737286843364	0.08225108225108226	-0.6798895581804864	11.810744	14.21851	-2.4077660000000005	-13.019329456787863	8.203797456787862	0.6158440130531443	1.0	12.864	7.613333333333334	5.250666666666667	-0.7111249739797696	11.212458307313103	0.07356500999491933	0.08225108225108226	0.3133517795877906	0.799460728003901	False
ZF_kdm1a_23095_2022	3	2	75.30333333333334	81.7	-6.396666666666661	-51.241552559924365	38.44821922659104	0.6134527603898849	0.8	-0.2563735430886936	30.279899999999998	26.5796	3.7002999999999986	-28.814635164367935	36.21523516436793	0.7054065247093244	0.8	14.926666666666668	10.525	4.401666666666667	-22.547929751222952	31.351263084556287	0.556298164609341	0.8	0.9967317948480404	0.799460728003901	False
ZF_kdm1a_36433_2022	3	3	85.03333333333332	83.77666666666669	1.2566666666666322	-8.034406593128331	10.547739926461595	0.6634088046472242	0.7	0.23894815977125552	22.5287	23.868933333333334	-1.3402333333333338	-9.516517157187367	6.8360504905207	0.6288994170206429	0.7	8.476666666666667	9.950000000000001	-1.4733333333333345	-9.234909127768248	6.288242461101579	0.5018393951334786	0.7	0.9967317948480404	0.799460728003901	False
ZF_mettl3_MO_EC_2017	2	2	77.64	84.815	-7.174999999999997	-9.962847432953653	-4.387152567046341	0.017909566737041756	0.3333333333333333	-0.9986309412821185	1.26114	1.4726050000000002	-0.21146500000000024	-0.4096959869474066	-0.013234013052593835	0.04592100864291864	0.3333333333333333	19.314999999999998	11.635	7.679999999999998	-2.92970851737069	18.289708517370684	0.06906660938574206	0.3333333333333333	0.30446263452970984	0.5952248025016533	True
ZF_uhrf1_larva_2017	2	2	65.38	83.47	-18.090000000000003	-257.9289866731568	221.7489866731568	0.5525797948887868	0.6666666666666666	-0.5053109884261142	26.849000000000004	18.879350000000002	7.9696500000000015	-79.25173125846791	95.19103125846792	0.49770261531386456	0.6666666666666666	26.715	8.959999999999999	17.755000000000003	-228.7777844433877	264.2877844433877	0.5619255996981151	1.0	0.9967317948480404	0.799460728003901	False
ZF_uhrf1_larva_2020	2	2	89.715	74.735	14.980000000000004	-91.3766319619715	121.3366319619715	0.3245095566861667	0.3333333333333333	0.7844117858074379	14.2574	41.5948	-27.3374	-85.17362826845563	30.49882826845563	0.10503967102970353	0.3333333333333333	3.8150000000000004	19.165	-15.349999999999998	-109.88264749023502	79.18264749023503	0.28744729857267726	0.3333333333333333	0.919443743944139	0.5952248025016533	True
ZF_uhrf1_liver_2020	5	5	75.77000000000001	82.60799999999999	-6.83799999999998	-21.59434087485223	7.918340874852268	0.2852876516603929	0.6904761904761905	-0.39035991484511123	8.796988	9.892713999999998	-1.0957259999999973	-3.646840591881238	1.4553885918812433	0.3400301297374048	0.8412698412698413	15.034	10.876	4.158000000000001	-6.327155801515492	14.643155801515494	0.34825664712803656	1.0	0.919443743944139	0.774522002127233	False
ZF_uhrf1_liver_2023	5	4	20.922	27.450000000000003	-6.528000000000002	-12.852955149854347	-0.2030448501456572	0.04579710899838371	0.031746031746031744	-0.7736388274804762	39.9567	39.617425	0.33927500000000066	-1.6638302978878263	2.3423802978878276	0.6780027140225109	0.9047619047619049	58.66799999999999	47.25	11.417999999999992	1.011444687351453	21.82455531264853	0.03709539512507413	0.031746031746031744	0.3133517795877906	0.799460728003901	True
