ko	status	ko_lfc_Donor_1	ko_lfc_Donor_3	ko_lfc_Donor_4	n_resp	n_targets	out_degree	alpha	rho_resp	sign_resp	sign_ci_low	sign_ci_high	rho_all	rho_resp_step1	sign_resp_step1	rho_shuf_median	delta_shuf	p_shuf	n_random_tf	rho_random_median	p_random_tf	rho_baseline	sign_baseline	S1_unfiltered_rho	S2_controls_only_rho	S4_n_resp_lfc1	S4_rho_lfc1	S5_rho_Donor_1	S5_rho_Donor_3	S5_rho_Donor_4
ATXN7L3	NOT_REPRESENTABLE	0.23071776163414626	0.1164576137673814	0.16198918652508087																										
CBFB	SCORED	-1.6351014043746286	-1.5909247182318325	-1.8181405833653557	1297.0	9191.0	59.0	100.0	-0.08142748371993173	0.4664610639938319	0.43902789688415256	0.494046547019827	-0.10736898863544739	-0.008565438263142294	0.004626060138781804	0.07729603467318323	-0.15872351839311497	0.9019607843137255	74.0	-0.011764758585158987	0.68	0.45725588059592215	0.7054741711642252	-0.11391665126773161	-0.026306421550335145	373.0	-0.055512442647370985	-0.08791080109670599	-0.067820749607598	-0.09450711568375539
ETS1	SCORED	-1.5277195981582246	-1.32898190837291	-1.2518778001918704	584.0	9191.0	6590.0	100.0	0.30934268626178674	0.6232876712328768	0.58258751497318	0.6627340199414499	0.21630996952100717	0.25224530372770093	0.4349315068493151	0.29544053373210966	0.013902152529677081	0.3137254901960784	74.0	0.029242722470946815	0.02666666666666667	0.24977970250650527	0.6215753424657534	0.303766997184578	-0.04667577619244716	109.0	0.31220461495690854	0.3249097331547577	0.3039465574487544	0.23426639699578442
FOXK1	SCORED	-1.1926118270484434	-0.6994213340391982	-0.8615364301170478	160.0	9191.0	109.0	100.0	0.2633833352865346	0.625	0.5451000963854965	0.7001771999400486	0.11151397497110288	0.08835415826936295	0.00625	-0.010660756909692532	0.27404409219622716	0.11764705882352941	74.0	-0.00243179124382331	0.16	0.037510254306808856	0.51875	0.22616720296278306	-0.03988339388257354	3.0	0.5	0.22311906715106058	0.08718797609281613	0.21262158678073362
FOXP1	SCORED	-0.5975712137199736	-0.7277104819683	-0.7425706375152945	140.0	9191.0	685.0	100.0	-0.1510397760818701	0.4857142857142857	0.4004461029756455	0.5715995920030471	-0.009977683072607395	0.1242318745351386	0.03571428571428571	0.06979478756286092	-0.22083456364473103	0.9803921568627451	73.0	0.012350484354158012	0.9324324324324325	0.03289234873499377	0.4928571428571429	-0.15639708555262283	-0.10325162362511209	7.0	-0.8928571428571429	-0.10898077890271371	-0.11044586822942863	-0.03106864052830684
GATA3	SCORED	-0.7812081014073708	-0.7878146263971413	-0.8514757514274294	339.0	9191.0	2366.0	100.0	0.3275910290806379	0.672566371681416	0.6197907476434055	0.7222949645813962	0.18206540660839754	0.16132888369012854	0.20648967551622419	0.25285556747577775	0.07473546160486016	0.23529411764705882	73.0	0.027336908476539277	0.20270270270270271	0.3227408678295636	0.6607669616519174	0.38120056221473936	-0.006474068917507831	39.0	0.32773279352226725	0.2996941312001577	0.33211807213328853	0.3674978207233043
HIVEP2	SCORED	-0.22354214220915658	-0.29296330888813316	-0.2046609692046948	52.0	9191.0	818.0	100.0	0.29753265602322204	0.6153846153846154	0.47018482184202154	0.7469534710130341	0.1321715161024939	-0.06892785669682025	0.038461538461538464	0.15413057279213763	0.14340208323108442	0.13725490196078433	73.0	0.032613335610005977	0.04054054054054054	0.22189020746179458	0.5769230769230769	0.23088313061872023	0.1127806710492615	2.0		0.2766157261162811	0.34431827883548194	0.20959617518995985
IL2RA	NOT_REPRESENTABLE	-2.141343630780357	-1.161349804464896	-1.176450413109503																										
IRF1	SCORED	0.6531262072091	0.4494461918143742	0.3955210171921326	202.0	9191.0	6442.0	100.0	0.5693080226337464	0.7772277227722773	0.7135039569099506	0.832625032859162	0.22873900073428502	0.4880579181615248	0.5841584158415841	0.5156602224397822	0.0536478001939642	0.09803921568627451	74.0	0.035803278879465036	0.02666666666666667	0.5669203123532705	0.8118811881188119	0.5677474442971675	-0.058259402883160165	30.0	0.19154616240266964	0.5519199592924515	0.476654672304963	0.4837653899938924
IRF2	SCORED	-0.8298315611162801	-0.8830000944521066	-0.7253221651638819	230.0	9191.0	1777.0	100.0	0.015039488705712359	0.5043478260869565	0.43786755084373685	0.5707146080238837	0.005431409003077179	0.052581107444363805	0.20869565217391303	-0.024181808457232577	0.03922129716294494	0.2549019607843137	73.0	-0.010980893038990625	0.3783783783783784	0.028069405437926416	0.5347826086956522	0.023674659244669518	0.013015615483813697	54.0	0.07329902801600914	-0.09173856331631156	-0.017164950105903208	0.0325067376140093
IRF4	SCORED	-0.04331568430457011	0.41206340721123524	0.42011076729714425	998.0	9191.0	2247.0	100.0	0.3740635267058223	0.685370741482966	0.6555439150786704	0.7140993987002067	0.2568282870601201	0.2068030088115129	0.18236472945891782	0.3243559796560694	0.04970754704975294	0.21568627450980393	73.0	0.013943260269413076	0.04054054054054054	0.34476190310627486	0.6613226452905812	0.35722031945577265	0.010578722029708255	228.0	0.3902520763366972	0.36796783557506607	0.3983064577653957	0.3384857914358239
JAK3	NOT_REPRESENTABLE	-0.7994166520538428	-0.6703431111820635	-0.6366342139872545																										
KLF2	SCORED	0.2579928606637303	-0.34681031763798664	0.38412945942745935	530.0	9191.0	6469.0	100.0	0.6215136213264596	0.7943396226415095	0.7573869302580468	0.8279716013678139	0.33601946897891904	0.4747447567766348	0.6	0.5580470939575528	0.06346652736890679	0.058823529411764705	74.0	0.08014784337645836	0.06666666666666667	0.7619138067956609	0.8641509433962264	0.6147277066539973	0.10961515946744305	91.0	0.7184265010351967	0.5678029980157375	0.6131093113639786	0.6173636572656512
KMT2A	NOT_REPRESENTABLE	-0.9273532808969325	-0.9431956857678028	-0.6557963426241153																										
MBD2	SCORED	-1.693767272662683	-1.6614471028889835	-1.5914957429411825	394.0	9191.0	5062.0	100.0	0.0832040958370141	0.5203045685279187	0.4697122660002052	0.570589657957627	0.021266689384028398	0.042808190183073094	0.3197969543147208	0.11629376287749704	-0.03308966704048294	0.7647058823529411	74.0	0.014950805713100115	0.28	0.08673311578204912	0.5025380710659898	0.11599554115258115	0.06778663231887334	53.0	0.10522496371552974	0.09369286029254156	0.10010835054565216	0.038883081962356396
MED12	NOT_REPRESENTABLE	-0.8138789903833299	-1.647914943758657	-1.1761007694355712																										
MYB	SCORED	-0.05371139667370706	-0.5632417105471879	-0.7889472273279061	696.0	9191.0	1007.0	100.0	-0.00473429202020069	0.47701149425287354	0.4393514525831541	0.5148671824307631	-0.026080585025466584	0.02383221697157217	0.05747126436781609	-0.05903714577846732	0.05430285375826663	0.35294117647058826	74.0	-0.04941267586534345	0.4666666666666667	-0.19432945604136095	0.4051724137931034	-0.0018342495949764976	-0.21570507903774447	160.0	-0.03373373959920309	-0.0529410696940889	-0.007805824800408029	0.020485605282162242
PTEN	SCORED	-0.7579875848393325	-1.0482647097263884	-1.3153051981161532	617.0	9191.0	334.0	100.0	0.08344724464061688	0.5445705024311183	0.5043308212806258	0.5843817246809633	0.050288506322952155	0.06359520222825085	0.03079416531604538	0.13335111658262688	-0.04990387194201	0.6470588235294118	74.0	0.0037915657064057553	0.3466666666666667	0.6014196186026683	0.7844408427876823	0.37431046197276086	0.08073227617373263	116.0	0.10653134970976051	0.031883790235350394	0.09003521458478893	0.12111844112520734
RELA	SCORED	-1.3806769872464182	-1.2377117401833537	-1.306708126498462	59.0	9191.0	2584.0	100.0	-0.0037405026300409124	0.5254237288135594	0.39119289567263554	0.6570163507523441	0.104229086043655	-0.07519336789825687	0.2711864406779661	0.0029428159749148664	-0.006683318604955779	0.5686274509803921	73.0	-0.011104617182933959	0.4594594594594595	0.023027469316189368	0.559322033898305	-0.023602484472049687	-0.26914085330216253	7.0	-0.10714285714285716	-0.11712448860315607	0.09953243717124491	0.10952659263588546
STAT5A	SCORED	-1.2813808349697364	-0.7402500089386201	-1.3028495227901224	217.0	9191.0	1139.0	100.0	-0.3615832147202375	0.2764976958525346	0.21811129773584353	0.341103324855036	-0.14319944131039042	-0.08478321770303156	0.055299539170506916	-0.12869659685173854	-0.23288661786849899	0.9411764705882353	74.0	-0.043259135557152724	0.8	-0.11684094571043373	0.43317972350230416	-0.3442587744261051	0.00690539607378909	26.0	-0.305982905982906	-0.36950093246334736	-0.3550101701921767	-0.3860973707821888
STAT5B	SCORED	-1.0924351542181245	-1.0657624164217943	-0.8873759828677263	471.0	9191.0	1110.0	100.0	0.3997717985763539	0.6263269639065817	0.5808911928345507	0.6701657304295658	0.0817903459184982	0.21286672600810064	0.1040339702760085	0.27338199277122877	0.12638980580512515	0.2549019607843137	74.0	-0.097696279639196	0.06666666666666667	0.20981863327215805	0.5392781316348195	0.38769558780305596	-0.0125656638973174	104.0	0.5888296169849568	0.3824879812385584	0.3699066981194917	0.3826641568721131
TNFAIP3	NOT_REPRESENTABLE	0.6652464740920205	0.8522437003269481	1.0874467558334437																										
YY1	SCORED	-1.1218126875659493	-1.2392678600999059	-1.259588594013394	819.0	9191.0	7965.0	100.0	0.029785315962189956	0.5067155067155067	0.47189320991967443	0.5414893127126632	-0.010140543719881165	0.010691805072783934	0.4261294261294261	0.010410628637510792	0.019374687324679164	0.23529411764705882	74.0	-0.015490678443150267	0.29333333333333333	0.008211646425016334	0.4981684981684982	0.02200395235326331	-0.044599718169996666	140.0	-0.021884498480243163	0.0354929087053841	0.046938959623079125	0.015600782623264586
ZNF217	NOT_REPRESENTABLE	-0.9077103618946243	-0.8390013484618164	-0.7182495205377419																										
