PID,N_T,T_T,N_chem,T_chem,N_proc,T_proc,N_nbatch,T_nbatch,MMR,has_N,qual_100,same_chem,same_proc
C103,0,686,,SC3Pv2,,LiveMACS/unsorted,,2.0,MMRp,False,False,False,False
C104,0,275,,SC3Pv2,,LiveMACS/unsorted,,2.0,MMRp,False,False,False,False
C105,0,641,,SC3Pv2,,LiveMACS/unsorted,,2.0,MMRp,False,False,False,False
C106,56,425,SC3Pv2,SC3Pv2,LiveMACS/unsorted,LiveMACS/unsorted,2.0,2.0,MMRd,True,False,True,True
C107,127,1870,SC3Pv2,SC3Pv2,unsorted,CD45pMACS/LiveMACS/unsorted,1.0,3.0,MMRp,True,True,True,False
C109,48,86,SC3Pv2,SC3Pv2,unsorted,CD45pMACS/unsorted,1.0,2.0,MMRd,True,False,True,False
C110,759,489,SC3Pv2,SC3Pv2,unsorted,CD45pMACS/unsorted,1.0,2.0,MMRd,True,True,True,False
C111,432,333,SC3Pv2,SC3Pv2,CD45pMACS/unsorted,CD45pMACS/unsorted,2.0,3.0,MMRd,True,True,True,True
C112,144,615,SC3Pv2,SC3Pv2,mixUnsortCD45MACS,CD45pMACS/unsorted,1.0,2.0,MMRp,True,True,True,False
C113,54,693,SC3Pv2,SC3Pv2,unsorted,CD45pMACS/unsorted,1.0,2.0,MMRp,True,False,True,False
C114,166,327,SC3Pv2,SC3Pv2,mixUnsortCD45MACS,CD45pMACS/unsorted,1.0,2.0,MMRd,True,True,True,False
C115,95,179,SC3Pv2,SC3Pv2,mixUnsortCD45MACS,CD45pMACS/mixUnsortCD45MACS,1.0,2.0,MMRd,True,False,True,False
C116,64,1087,SC3Pv2,SC3Pv2,mixUnsortCD45MACS,CD45pMACS/mixUnsortCD45MACS/unsorted,1.0,3.0,MMRd,True,False,True,False
C118,0,510,,SC3Pv2,,CD45pMACS/mixUnsortCD45MACS,,2.0,MMRd,False,False,False,False
C119,6,299,SC3Pv2,SC3Pv2,unsorted,unsorted,1.0,1.0,MMRd,True,False,True,True
C122,163,292,SC3Pv2,SC3Pv2,CD45pMACS/unsorted,CD45pMACS/unsorted,2.0,2.0,MMRd,True,True,True,True
C123,521,2490,SC3Pv2,SC3Pv2,CD45pMACS/unsorted,CD45pMACS/unsorted,2.0,2.0,MMRd,True,True,True,True
C124,176,1027,SC3Pv2,SC3Pv2,CD45pMACS/unsorted,CD45pMACS/unsorted,2.0,2.0,MMRp,True,True,True,True
C125,335,1025,SC3Pv2,SC3Pv2,CD45pMACS/unsorted,CD45pMACS/unsorted,2.0,3.0,MMRp,True,True,True,True
C126,538,333,SC3Pv2,SC3Pv2,CD45pMACS/unsorted,CD45pMACS/unsorted,3.0,3.0,MMRp,True,True,True,True
C129,650,1095,SC3Pv2,SC3Pv2,CD45pMACS/unsorted,CD45pMACS/unsorted,2.0,2.0,MMRp,True,True,True,True
C130,232,1138,SC3Pv2,SC3Pv2,CD45pMACS/unsorted,CD45pMACS/unsorted,2.0,4.0,MMRd,True,True,True,True
C132,731,3369,SC3Pv2,SC3Pv2,unsorted,CD45pMACS/unsorted,1.0,2.0,MMRd,True,True,True,False
C133,55,891,SC3Pv2,SC3Pv2,unsorted,unsorted,1.0,2.0,MMRp,True,False,True,True
C134,443,263,SC3Pv2,SC3Pv2,CD45pMACS/unsorted,CD45pMACS/unsorted,2.0,4.0,MMRp,True,True,True,True
C135,104,1416,SC3Pv2,SC3Pv2,unsorted,CD45pMACS/unsorted,1.0,3.0,MMRp,True,True,True,False
C136,63,1042,SC3Pv2,SC3Pv2,CD45pMACS/unsorted,CD45pMACS/unsorted,2.0,3.0,MMRp,True,False,True,True
C137,314,707,SC3Pv2,SC3Pv2,CD45pMACS/unsorted,CD45pMACS/unsorted,2.0,3.0,MMRd,True,True,True,True
C138,199,413,SC3Pv2,SC3Pv2,CD45pMACS/unsorted,CD45pMACS/unsorted,2.0,4.0,MMRd,True,True,True,True
C139,234,839,SC3Pv2,SC3Pv2,CD45pMACS/unsorted,CD45pMACS/unsorted,2.0,3.0,MMRd,True,True,True,True
C140,124,738,SC3Pv2,SC3Pv2,unsorted,CD45pMACS/unsorted,1.0,3.0,MMRp,True,True,True,False
C142,127,565,SC3Pv2,SC3Pv2,unsorted,CD45pMACS/unsorted,1.0,2.0,MMRd,True,True,True,False
C143,191,955,SC3Pv2,SC3Pv2,unsorted,CD45pMACS/unsorted,1.0,2.0,MMRd,True,True,True,False
C144,0,1467,,SC3Pv2,,CD45pMACS/unsorted,,2.0,MMRd,False,False,False,False
C145,0,169,,SC3Pv2,,CD45pMACS/unsorted,,2.0,MMRp,False,False,False,False
C146,0,943,,SC3Pv2,,CD45pMACS/unsorted,,2.0,MMRd,False,False,False,False
C147,0,265,,SC3Pv2,,CD45pMACS/unsorted,,2.0,MMRd,False,False,False,False
C149,0,747,,SC3Pv2,,CD45pMACS/unsorted,,2.0,MMRp,False,False,False,False
C150,0,247,,SC3Pv2,,CD45pMACS/unsorted,,2.0,MMRp,False,False,False,False
C151,139,33,SC3Pv2,SC3Pv2,unsorted,unsorted,1.0,1.0,MMRd,True,False,True,True
C152,7,235,SC3Pv2,SC3Pv2,unsorted,unsorted,1.0,1.0,MMRd,True,False,True,True
C153,0,766,,SC3Pv2,,CD45pMACS/unsorted,,2.0,MMRp,False,False,False,False
C154,0,500,,SC3Pv3,,unsorted,,1.0,MMRd,False,False,False,False
C155,161,950,SC3Pv3,SC3Pv3,unsorted,unsorted,1.0,1.0,MMRp,True,True,True,True
C156,0,1546,,SC3Pv3,,CD45pMACS/unsorted,,2.0,MMRd,False,False,False,False
C157,157,205,SC3Pv3,SC3Pv3,unsorted,unsorted,1.0,1.0,MMRp,True,True,True,True
C158,0,198,,SC3Pv3,,CD45pMACS/unsorted,,2.0,MMRd,False,False,False,False
C159,0,751,,SC3Pv3,,CD45pMACS/unsorted,,2.0,MMRp,False,False,False,False
C160,0,414,,SC3Pv3,,unsorted,,1.0,MMRp,False,False,False,False
C161,0,257,,SC3Pv3,,unsorted,,1.0,MMRp,False,False,False,False
C162,1457,1047,SC3Pv2/SC3Pv3,SC3Pv2/SC3Pv3,unsorted,CD45pMACS/unsorted,2.0,4.0,MMRp,True,True,True,False
C163,0,1257,,SC3Pv3,,unsorted,,1.0,MMRd,False,False,False,False
C164,0,830,,SC3Pv3,,unsorted,,1.0,MMRd,False,False,False,False
C165,140,60,SC3Pv3,SC3Pv3,unsorted,CD45pMACS/unsorted,1.0,2.0,MMRd,True,False,True,False
C166,0,312,,SC3Pv3,,unsorted,,1.0,MMRp,False,False,False,False
C167,0,763,,SC3Pv3,,unsorted,,1.0,MMRd,False,False,False,False
C168,0,628,,SC3Pv3,,unsorted,,1.0,MMRd,False,False,False,False
C169,0,892,,SC3Pv3,,unsorted,,1.0,MMRd,False,False,False,False
C170,516,1708,SC3Pv3,SC3Pv3,unsorted,CD45pMACS/unsorted,1.0,2.0,MMRd,True,True,True,False
C171,0,2863,,SC3Pv3,,CD45pMACS/unsorted,,4.0,MMRp,False,False,False,False
C172,0,341,,SC3Pv3,,unsorted,,1.0,MMRp,False,False,False,False
C173,0,849,,SC3Pv3,,unsorted,,1.0,MMRd,False,False,False,False
